# --- WireDatabaseBackup {"time":"2017-12-11 15:41:58","user":"guest","dbName":"wirevue","description":"backup made by CronjobDatabaseBackup","tables":[],"excludeTables":[],"excludeCreateTables":[],"excludeExportTables":[]}

DROP TABLE IF EXISTS `caches`;
CREATE TABLE `caches` (
  `name` varchar(250) NOT NULL,
  `data` mediumtext NOT NULL,
  `expires` datetime NOT NULL,
  PRIMARY KEY (`name`),
  KEY `expires` (`expires`)
) ENGINE=MyISAM DEFAULT CHARSET=utf8;

INSERT INTO `caches` (`name`, `data`, `expires`) VALUES('Modules.wire/modules/', 'AdminTheme/AdminThemeDefault/AdminThemeDefault.module\nAdminTheme/AdminThemeReno/AdminThemeReno.module\nAdminTheme/AdminThemeUikit/AdminThemeUikit.module\nFieldtype/FieldtypeCache.module\nFieldtype/FieldtypeCheckbox.module\nFieldtype/FieldtypeComments/CommentFilterAkismet.module\nFieldtype/FieldtypeComments/FieldtypeComments.module\nFieldtype/FieldtypeComments/InputfieldCommentsAdmin.module\nFieldtype/FieldtypeDatetime.module\nFieldtype/FieldtypeEmail.module\nFieldtype/FieldtypeFieldsetClose.module\nFieldtype/FieldtypeFieldsetOpen.module\nFieldtype/FieldtypeFieldsetTabOpen.module\nFieldtype/FieldtypeFile.module\nFieldtype/FieldtypeFloat.module\nFieldtype/FieldtypeImage.module\nFieldtype/FieldtypeInteger.module\nFieldtype/FieldtypeModule.module\nFieldtype/FieldtypeOptions/FieldtypeOptions.module\nFieldtype/FieldtypePage.module\nFieldtype/FieldtypePageTable.module\nFieldtype/FieldtypePageTitle.module\nFieldtype/FieldtypePassword.module\nFieldtype/FieldtypeRepeater/FieldtypeFieldsetPage.module\nFieldtype/FieldtypeRepeater/FieldtypeRepeater.module\nFieldtype/FieldtypeRepeater/InputfieldRepeater.module\nFieldtype/FieldtypeSelector.module\nFieldtype/FieldtypeText.module\nFieldtype/FieldtypeTextarea.module\nFieldtype/FieldtypeURL.module\nFileCompilerTags.module\nImageSizerEngineIMagick.module\nInputfield/InputfieldAsmSelect/InputfieldAsmSelect.module\nInputfield/InputfieldButton.module\nInputfield/InputfieldCheckbox.module\nInputfield/InputfieldCheckboxes/InputfieldCheckboxes.module\nInputfield/InputfieldCKEditor/InputfieldCKEditor.module\nInputfield/InputfieldDatetime/InputfieldDatetime.module\nInputfield/InputfieldEmail.module\nInputfield/InputfieldFieldset.module\nInputfield/InputfieldFile/InputfieldFile.module\nInputfield/InputfieldFloat.module\nInputfield/InputfieldForm.module\nInputfield/InputfieldHidden.module\nInputfield/InputfieldIcon/InputfieldIcon.module\nInputfield/InputfieldImage/InputfieldImage.module\nInputfield/InputfieldInteger.module\nInputfield/InputfieldMarkup.module\nInputfield/InputfieldName.module\nInputfield/InputfieldPage/InputfieldPage.module\nInputfield/InputfieldPageAutocomplete/InputfieldPageAutocomplete.module\nInputfield/InputfieldPageListSelect/InputfieldPageListSelect.module\nInputfield/InputfieldPageListSelect/InputfieldPageListSelectMultiple.module\nInputfield/InputfieldPageName/InputfieldPageName.module\nInputfield/InputfieldPageTable/InputfieldPageTable.module\nInputfield/InputfieldPageTitle/InputfieldPageTitle.module\nInputfield/InputfieldPassword/InputfieldPassword.module\nInputfield/InputfieldRadios/InputfieldRadios.module\nInputfield/InputfieldSelect.module\nInputfield/InputfieldSelectMultiple.module\nInputfield/InputfieldSelector/InputfieldSelector.module\nInputfield/InputfieldSubmit/InputfieldSubmit.module\nInputfield/InputfieldText.module\nInputfield/InputfieldTextarea.module\nInputfield/InputfieldURL.module\nJquery/JqueryCore/JqueryCore.module\nJquery/JqueryMagnific/JqueryMagnific.module\nJquery/JqueryTableSorter/JqueryTableSorter.module\nJquery/JqueryUI/JqueryUI.module\nJquery/JqueryWireTabs/JqueryWireTabs.module\nLanguageSupport/FieldtypePageTitleLanguage.module\nLanguageSupport/FieldtypeTextareaLanguage.module\nLanguageSupport/FieldtypeTextLanguage.module\nLanguageSupport/LanguageSupport.module\nLanguageSupport/LanguageSupportFields.module\nLanguageSupport/LanguageSupportPageNames.module\nLanguageSupport/LanguageTabs.module\nLanguageSupport/ProcessLanguage.module\nLanguageSupport/ProcessLanguageTranslator.module\nLazyCron.module\nMarkup/MarkupAdminDataTable/MarkupAdminDataTable.module\nMarkup/MarkupCache.module\nMarkup/MarkupHTMLPurifier/MarkupHTMLPurifier.module\nMarkup/MarkupPageArray.module\nMarkup/MarkupPageFields.module\nMarkup/MarkupPagerNav/MarkupPagerNav.module\nMarkup/MarkupRSS.module\nPage/PageFrontEdit/PageFrontEdit.module\nPagePathHistory.module\nPagePaths.module\nPagePermissions.module\nPageRender.module\nProcess/ProcessCommentsManager/ProcessCommentsManager.module\nProcess/ProcessField/ProcessField.module\nProcess/ProcessForgotPassword.module\nProcess/ProcessHome.module\nProcess/ProcessList.module\nProcess/ProcessLogger/ProcessLogger.module\nProcess/ProcessLogin/ProcessLogin.module\nProcess/ProcessModule/ProcessModule.module\nProcess/ProcessPageAdd/ProcessPageAdd.module\nProcess/ProcessPageClone.module\nProcess/ProcessPageEdit/ProcessPageEdit.module\nProcess/ProcessPageEditImageSelect/ProcessPageEditImageSelect.module\nProcess/ProcessPageEditLink/ProcessPageEditLink.module\nProcess/ProcessPageList/ProcessPageList.module\nProcess/ProcessPageLister/ProcessPageLister.module\nProcess/ProcessPageSearch/ProcessPageSearch.module\nProcess/ProcessPagesExportImport/ProcessPagesExportImport.module\nProcess/ProcessPageSort.module\nProcess/ProcessPageTrash.module\nProcess/ProcessPageType/ProcessPageType.module\nProcess/ProcessPageView.module\nProcess/ProcessPermission/ProcessPermission.module\nProcess/ProcessProfile/ProcessProfile.module\nProcess/ProcessRecentPages/ProcessRecentPages.module\nProcess/ProcessRole/ProcessRole.module\nProcess/ProcessTemplate/ProcessTemplate.module\nProcess/ProcessUser/ProcessUser.module\nSession/SessionHandlerDB/ProcessSessionDB.module\nSession/SessionHandlerDB/SessionHandlerDB.module\nSession/SessionLoginThrottle/SessionLoginThrottle.module\nSystem/SystemNotifications/FieldtypeNotifications.module\nSystem/SystemNotifications/SystemNotifications.module\nSystem/SystemUpdater/SystemUpdater.module\nTextformatter/TextformatterEntities.module\nTextformatter/TextformatterMarkdownExtra/TextformatterMarkdownExtra.module\nTextformatter/TextformatterNewlineBR.module\nTextformatter/TextformatterNewlineUL.module\nTextformatter/TextformatterPstripper.module\nTextformatter/TextformatterSmartypants/TextformatterSmartypants.module\nTextformatter/TextformatterStripTags.module', '2010-04-08 03:10:10');
INSERT INTO `caches` (`name`, `data`, `expires`) VALUES('FileCompiler__8269ddf84388da8f3da98ae74a2a4851', '{\"source\":{\"file\":\"\\/Volumes\\/Working\\/Tele2\\/tele2-web\\/site-smart\\/templates\\/admin.php\",\"hash\":\"9636f854995462a4cb877cb1204bc2fe\",\"size\":467,\"time\":1489804202,\"ns\":\"ProcessWire\"},\"target\":{\"file\":\"\\/Volumes\\/Working\\/Tele2\\/tele2-web\\/site-smart\\/assets\\/cache\\/FileCompiler\\/site-smart\\/templates\\/admin.php\",\"hash\":\"9636f854995462a4cb877cb1204bc2fe\",\"size\":467,\"time\":1489804202}}', '2010-04-08 03:10:10');
INSERT INTO `caches` (`name`, `data`, `expires`) VALUES('ModulesVerbose.info', '{\"148\":{\"summary\":\"Minimal admin theme that supports all ProcessWire features.\",\"core\":true,\"versionStr\":\"0.1.4\"},\"186\":{\"summary\":\"Uikit v3 admin theme (beta)\",\"core\":true,\"versionStr\":\"0.2.1\"},\"97\":{\"summary\":\"This Fieldtype stores an ON\\/OFF toggle via a single checkbox. The ON value is 1 and OFF value is 0.\",\"core\":true,\"versionStr\":\"1.0.1\"},\"28\":{\"summary\":\"Field that stores a date and optionally time\",\"core\":true,\"versionStr\":\"1.0.4\"},\"29\":{\"summary\":\"Field that stores an e-mail address\",\"core\":true,\"versionStr\":\"1.0.0\"},\"106\":{\"summary\":\"Close a fieldset opened by FieldsetOpen. \",\"core\":true,\"versionStr\":\"1.0.0\"},\"105\":{\"summary\":\"Open a fieldset to group fields. Should be followed by a Fieldset (Close) after one or more fields.\",\"core\":true,\"versionStr\":\"1.0.1\"},\"107\":{\"summary\":\"Open a fieldset to group fields. Same as Fieldset (Open) except that it displays in a tab instead.\",\"core\":true,\"versionStr\":\"1.0.0\"},\"6\":{\"summary\":\"Field that stores one or more files\",\"core\":true,\"versionStr\":\"1.0.5\"},\"89\":{\"summary\":\"Field that stores a floating point (decimal) number\",\"core\":true,\"versionStr\":\"1.0.5\"},\"57\":{\"summary\":\"Field that stores one or more GIF, JPG, or PNG images\",\"core\":true,\"versionStr\":\"1.0.1\"},\"84\":{\"summary\":\"Field that stores an integer\",\"core\":true,\"versionStr\":\"1.0.1\"},\"27\":{\"summary\":\"Field that stores a reference to another module\",\"core\":true,\"versionStr\":\"1.0.1\"},\"4\":{\"summary\":\"Field that stores one or more references to ProcessWire pages\",\"core\":true,\"versionStr\":\"1.0.4\"},\"111\":{\"summary\":\"Field that stores a page title\",\"core\":true,\"versionStr\":\"1.0.0\"},\"133\":{\"summary\":\"Field that stores a hashed and salted password\",\"core\":true,\"versionStr\":\"1.0.1\"},\"162\":{\"summary\":\"Maintains a collection of fields that are repeated for any number of times.\",\"core\":true,\"versionStr\":\"1.0.6\"},\"163\":{\"summary\":\"Repeats fields from another template. Provides the input for FieldtypeRepeater.\",\"core\":true,\"versionStr\":\"1.0.6\"},\"181\":{\"summary\":\"Build a page finding selector visually.\",\"author\":\"Avoine + ProcessWire\",\"core\":true,\"versionStr\":\"0.1.3\"},\"3\":{\"summary\":\"Field that stores a single line of text\",\"core\":true,\"versionStr\":\"1.0.0\"},\"1\":{\"summary\":\"Field that stores multiple lines of text\",\"core\":true,\"versionStr\":\"1.0.6\"},\"135\":{\"summary\":\"Field that stores a URL\",\"core\":true,\"versionStr\":\"1.0.1\"},\"25\":{\"summary\":\"Multiple selection, progressive enhancement to select multiple\",\"core\":true,\"versionStr\":\"1.2.1\"},\"131\":{\"summary\":\"Form button element that you can optionally pass an href attribute to.\",\"core\":true,\"versionStr\":\"1.0.0\"},\"37\":{\"summary\":\"Single checkbox toggle\",\"core\":true,\"versionStr\":\"1.0.5\"},\"38\":{\"summary\":\"Multiple checkbox toggles\",\"core\":true,\"versionStr\":\"1.0.7\"},\"155\":{\"summary\":\"CKEditor textarea rich text editor.\",\"core\":true,\"versionStr\":\"1.5.9\"},\"94\":{\"summary\":\"Inputfield that accepts date and optionally time\",\"core\":true,\"versionStr\":\"1.0.6\"},\"80\":{\"summary\":\"E-Mail address in valid format\",\"core\":true,\"versionStr\":\"1.0.1\"},\"78\":{\"summary\":\"Groups one or more fields together in a container\",\"core\":true,\"versionStr\":\"1.0.1\"},\"55\":{\"summary\":\"One or more file uploads (sortable)\",\"core\":true,\"versionStr\":\"1.2.5\"},\"90\":{\"summary\":\"Floating point number with precision\",\"core\":true,\"versionStr\":\"1.0.3\"},\"30\":{\"summary\":\"Contains one or more fields in a form\",\"core\":true,\"versionStr\":\"1.0.7\"},\"40\":{\"summary\":\"Hidden value in a form\",\"core\":true,\"versionStr\":\"1.0.1\"},\"161\":{\"summary\":\"Select an icon\",\"core\":true,\"versionStr\":\"0.0.2\"},\"56\":{\"summary\":\"One or more image uploads (sortable)\",\"core\":true,\"versionStr\":\"1.2.0\"},\"85\":{\"summary\":\"Integer (positive or negative)\",\"core\":true,\"versionStr\":\"1.0.4\"},\"79\":{\"summary\":\"Contains any other markup and optionally child Inputfields\",\"core\":true,\"versionStr\":\"1.0.2\"},\"41\":{\"summary\":\"Text input validated as a ProcessWire name field\",\"core\":true,\"versionStr\":\"1.0.0\"},\"60\":{\"summary\":\"Select one or more pages\",\"core\":true,\"versionStr\":\"1.0.7\"},\"164\":{\"summary\":\"Multiple Page selection using auto completion and sorting capability. Intended for use as an input field for Page reference fields.\",\"core\":true,\"versionStr\":\"1.1.2\"},\"15\":{\"summary\":\"Selection of a single page from a ProcessWire page tree list\",\"core\":true,\"versionStr\":\"1.0.1\"},\"137\":{\"summary\":\"Selection of multiple pages from a ProcessWire page tree list\",\"core\":true,\"versionStr\":\"1.0.2\"},\"86\":{\"summary\":\"Text input validated as a ProcessWire Page name field\",\"core\":true,\"versionStr\":\"1.0.6\"},\"112\":{\"summary\":\"Handles input of Page Title and auto-generation of Page Name (when name is blank)\",\"core\":true,\"versionStr\":\"1.0.2\"},\"122\":{\"summary\":\"Password input with confirmation field that doesn&#039;t ever echo the input back.\",\"core\":true,\"versionStr\":\"1.0.2\"},\"39\":{\"summary\":\"Radio buttons for selection of a single item\",\"core\":true,\"versionStr\":\"1.0.5\"},\"36\":{\"summary\":\"Selection of a single value from a select pulldown\",\"core\":true,\"versionStr\":\"1.0.2\"},\"43\":{\"summary\":\"Select multiple items from a list\",\"core\":true,\"versionStr\":\"1.0.1\"},\"149\":{\"summary\":\"Build a page finding selector visually.\",\"author\":\"Avoine + ProcessWire\",\"core\":true,\"versionStr\":\"0.2.7\"},\"32\":{\"summary\":\"Form submit button\",\"core\":true,\"versionStr\":\"1.0.2\"},\"34\":{\"summary\":\"Single line of text\",\"core\":true,\"versionStr\":\"1.0.6\"},\"35\":{\"summary\":\"Multiple lines of text\",\"core\":true,\"versionStr\":\"1.0.3\"},\"108\":{\"summary\":\"URL in valid format\",\"core\":true,\"versionStr\":\"1.0.2\"},\"116\":{\"summary\":\"jQuery Core as required by ProcessWire Admin and plugins\",\"href\":\"http:\\/\\/jquery.com\",\"core\":true,\"versionStr\":\"1.8.3\"},\"151\":{\"summary\":\"Provides lightbox capability for image galleries. Replacement for FancyBox. Uses Magnific Popup by @dimsemenov.\",\"href\":\"http:\\/\\/dimsemenov.com\\/plugins\\/magnific-popup\\/\",\"core\":true,\"versionStr\":\"0.0.1\"},\"103\":{\"summary\":\"Provides a jQuery plugin for sorting tables.\",\"href\":\"http:\\/\\/mottie.github.io\\/tablesorter\\/\",\"core\":true,\"versionStr\":\"2.2.1\"},\"117\":{\"summary\":\"jQuery UI as required by ProcessWire and plugins\",\"href\":\"http:\\/\\/ui.jquery.com\",\"core\":true,\"versionStr\":\"1.9.6\"},\"45\":{\"summary\":\"Provides a jQuery plugin for generating tabs in ProcessWire.\",\"core\":true,\"versionStr\":\"1.0.8\"},\"179\":{\"summary\":\"Field that stores a page title in multiple languages. Use this only if you want title inputs created for ALL languages on ALL pages. Otherwise create separate languaged-named title fields, i.e. title_fr, title_es, title_fi, etc. \",\"author\":\"Ryan Cramer\",\"core\":true,\"versionStr\":\"1.0.0\"},\"180\":{\"summary\":\"Field that stores a multiple lines of text in multiple languages\",\"core\":true,\"versionStr\":\"1.0.0\"},\"178\":{\"summary\":\"Field that stores a single line of text in multiple languages\",\"core\":true,\"versionStr\":\"1.0.0\"},\"174\":{\"summary\":\"ProcessWire multi-language support.\",\"author\":\"Ryan Cramer\",\"core\":true,\"versionStr\":\"1.0.3\"},\"177\":{\"summary\":\"Required to use multi-language fields.\",\"author\":\"Ryan Cramer\",\"core\":true,\"versionStr\":\"1.0.0\"},\"182\":{\"summary\":\"Required to use multi-language page names.\",\"author\":\"Ryan Cramer\",\"core\":true,\"versionStr\":\"0.0.9\"},\"183\":{\"summary\":\"Organizes multi-language fields into tabs for a cleaner easier to use interface.\",\"author\":\"adamspruijt, ryan\",\"core\":true,\"versionStr\":\"1.1.4\"},\"175\":{\"summary\":\"Manage system languages\",\"author\":\"Ryan Cramer\",\"core\":true,\"versionStr\":\"1.0.3\",\"permissions\":{\"lang-edit\":\"Administer languages and static translation files\"}},\"176\":{\"summary\":\"Provides language translation capabilities for ProcessWire core and modules.\",\"author\":\"Ryan Cramer\",\"core\":true,\"versionStr\":\"1.0.1\"},\"168\":{\"summary\":\"Provides hooks that are automatically executed at various intervals. It is called \'lazy\' because it\'s triggered by a pageview, so the interval is guaranteed to be at least the time requested, rather than exactly the time requested. This is fine for most cases, but you can make it not lazy by connecting this to a real CRON job. See the module file for details. \",\"href\":\"http:\\/\\/processwire.com\\/talk\\/index.php\\/topic,284.0.html\",\"core\":true,\"versionStr\":\"1.0.2\"},\"67\":{\"summary\":\"Generates markup for data tables used by ProcessWire admin\",\"core\":true,\"versionStr\":\"1.0.7\"},\"156\":{\"summary\":\"Front-end to the HTML Purifier library.\",\"core\":true,\"versionStr\":\"4.9.2\"},\"113\":{\"summary\":\"Adds a render() method to all PageArray instances for basic unordered list generation of PageArrays.\",\"core\":true,\"versionStr\":\"1.0.0\"},\"98\":{\"summary\":\"Generates markup for pagination navigation\",\"core\":true,\"versionStr\":\"1.0.5\"},\"114\":{\"summary\":\"Adds various permission methods to Page objects that are used by Process modules.\",\"core\":true,\"versionStr\":\"1.0.5\"},\"115\":{\"summary\":\"Adds a render method to Page and caches page output.\",\"core\":true,\"versionStr\":\"1.0.5\"},\"48\":{\"summary\":\"Edit individual fields that hold page data\",\"core\":true,\"versionStr\":\"1.1.2\"},\"87\":{\"summary\":\"Acts as a placeholder Process for the admin root. Ensures proper flow control after login.\",\"core\":true,\"versionStr\":\"1.0.1\"},\"76\":{\"summary\":\"Lists the Process assigned to each child page of the current\",\"core\":true,\"versionStr\":\"1.0.1\"},\"160\":{\"summary\":\"View and manage system logs.\",\"author\":\"Ryan Cramer\",\"core\":true,\"versionStr\":\"0.0.1\",\"permissions\":{\"logs-view\":\"Can view system logs\",\"logs-edit\":\"Can manage system logs\"},\"page\":{\"name\":\"logs\",\"parent\":\"setup\",\"title\":\"Logs\"}},\"10\":{\"summary\":\"Login to ProcessWire\",\"core\":true,\"versionStr\":\"1.0.3\"},\"50\":{\"summary\":\"List, edit or install\\/uninstall modules\",\"core\":true,\"versionStr\":\"1.1.8\"},\"17\":{\"summary\":\"Add a new page\",\"core\":true,\"versionStr\":\"1.0.8\"},\"7\":{\"summary\":\"Edit a Page\",\"core\":true,\"versionStr\":\"1.0.8\"},\"129\":{\"summary\":\"Provides image manipulation functions for image fields and rich text editors.\",\"core\":true,\"versionStr\":\"1.2.0\"},\"121\":{\"summary\":\"Provides a link capability as used by some Fieldtype modules (like rich text editors).\",\"core\":true,\"versionStr\":\"1.0.8\"},\"12\":{\"summary\":\"List pages in a hierarchal tree structure\",\"core\":true,\"versionStr\":\"1.1.9\"},\"150\":{\"summary\":\"Admin tool for finding and listing pages by any property.\",\"author\":\"Ryan Cramer\",\"core\":true,\"versionStr\":\"0.2.4\",\"permissions\":{\"page-lister\":\"Use Page Lister\"}},\"104\":{\"summary\":\"Provides a page search engine for admin use.\",\"core\":true,\"versionStr\":\"1.0.6\"},\"14\":{\"summary\":\"Handles page sorting and moving for PageList\",\"core\":true,\"versionStr\":\"1.0.0\"},\"109\":{\"summary\":\"Handles emptying of Page trash\",\"core\":true,\"versionStr\":\"1.0.2\"},\"134\":{\"summary\":\"List, Edit and Add pages of a specific type\",\"core\":true,\"versionStr\":\"1.0.1\"},\"83\":{\"summary\":\"All page views are routed through this Process\",\"core\":true,\"versionStr\":\"1.0.4\"},\"136\":{\"summary\":\"Manage system permissions\",\"core\":true,\"versionStr\":\"1.0.1\"},\"138\":{\"summary\":\"Enables user to change their password, email address and other settings that you define.\",\"core\":true,\"versionStr\":\"1.0.3\"},\"159\":{\"summary\":\"Shows a list of recently edited pages in your admin.\",\"author\":\"Ryan Cramer\",\"href\":\"http:\\/\\/modules.processwire.com\\/\",\"core\":true,\"versionStr\":\"0.0.2\",\"permissions\":{\"page-edit-recent\":\"Can see recently edited pages\"},\"page\":{\"name\":\"recent-pages\",\"parent\":\"page\",\"title\":\"Recent\"}},\"68\":{\"summary\":\"Manage user roles and what permissions are attached\",\"core\":true,\"versionStr\":\"1.0.4\"},\"47\":{\"summary\":\"List and edit the templates that control page output\",\"core\":true,\"versionStr\":\"1.1.4\"},\"66\":{\"summary\":\"Manage system users\",\"core\":true,\"versionStr\":\"1.0.7\"},\"125\":{\"summary\":\"Throttles the frequency of logins for a given account, helps to reduce dictionary attacks by introducing an exponential delay between logins.\",\"core\":true,\"versionStr\":\"1.0.2\"},\"185\":{\"summary\":\"Field that stores user notifications.\",\"core\":true,\"versionStr\":\"0.0.4\"},\"184\":{\"summary\":\"Adds support for notifications in ProcessWire (currently in development)\",\"core\":true,\"versionStr\":\"0.1.2\"},\"139\":{\"summary\":\"Manages system versions and upgrades.\",\"core\":true,\"versionStr\":\"0.1.6\"},\"61\":{\"summary\":\"Entity encode ampersands, quotes (single and double) and greater-than\\/less-than signs using htmlspecialchars(str, ENT_QUOTES). It is recommended that you use this on all text\\/textarea fields except those using a rich text editor or a markup language like Markdown.\",\"core\":true,\"versionStr\":\"1.0.0\"},\"169\":{\"summary\":\"Periodic automatic backup of the database. Set interval in settings.\",\"author\":\"kixe\",\"href\":\"https:\\/\\/processwire.com\\/talk\\/topic\\/8207-cronjob-database-backup\\/\",\"versionStr\":\"1.1.5\"},\"171\":{\"summary\":\"Module to help create social share links. Comes with premade examples for styling and popup script. Create your own themes easily.\",\"author\":\"Soma\",\"href\":\"https:\\/\\/processwire.com\\/talk\\/topic\\/8353-markupsocialsharebuttons\\/\",\"versionStr\":\"1.0.3\"},\"170\":{\"summary\":\"Automatically rename file\\/image uploads according to a configurable format\",\"author\":\"Adrian Jones\",\"href\":\"http:\\/\\/modules.processwire.com\\/modules\\/process-custom-upload-names\\/\",\"versionStr\":\"1.0.5\"},\"167\":{\"summary\":\"Create and\\/or restore database backups from ProcessWire admin.\",\"author\":\"Ryan Cramer\",\"versionStr\":\"0.0.3\",\"permissions\":{\"db-backup\":\"Manage database backups (recommended for superuser only)\"},\"page\":{\"name\":\"db-backups\",\"parent\":\"setup\",\"title\":\"DB Backups\"}},\"173\":{\"summary\":\"Tool that helps you identify and install core and module upgrades.\",\"author\":\"Ryan Cramer\",\"versionStr\":\"0.0.7\"},\"172\":{\"summary\":\"Automatically checks for core and installed module upgrades at routine intervals.\",\"author\":\"Ryan Cramer\",\"versionStr\":\"0.0.7\"}}', '2010-04-08 03:10:10');
INSERT INTO `caches` (`name`, `data`, `expires`) VALUES('FileCompiler__1981e1ac24c9af08799167ee9727d6c1', '{\"source\":{\"file\":\"\\/Volumes\\/Working\\/Tele2\\/tele2-web\\/site-smart\\/modules\\/ProcessDatabaseBackups\\/ProcessDatabaseBackups.module\",\"hash\":\"e5dea11b1afb638b9a47edcb10eab399\",\"size\":12324,\"time\":1484610257,\"ns\":\"\\\\\"},\"target\":{\"file\":\"\\/Volumes\\/Working\\/Tele2\\/tele2-web\\/site-smart\\/assets\\/cache\\/FileCompiler\\/site-smart\\/modules\\/ProcessDatabaseBackups\\/ProcessDatabaseBackups.module\",\"hash\":\"b60bbe3016c7d47159d299c1b87ae4e6\",\"size\":12441,\"time\":1484610257}}', '2010-04-08 03:10:10');
INSERT INTO `caches` (`name`, `data`, `expires`) VALUES('FileCompiler__7b1578bf22239458d65263415c136c63', '{\"source\":{\"file\":\"\\/Volumes\\/Working\\/Tele2\\/tele2-web\\/site-smart\\/modules\\/Pages2Pdf\\/Pages2Pdf.module\",\"hash\":\"3e22e36d4e69940ee22b210d519c174a\",\"size\":18873,\"time\":1493062442,\"ns\":\"\\\\\"},\"target\":{\"file\":\"\\/Volumes\\/Working\\/Tele2\\/tele2-web\\/site-smart\\/assets\\/cache\\/FileCompiler\\/site-smart\\/modules\\/Pages2Pdf\\/Pages2Pdf.module\",\"hash\":\"0a91d4cd9e351ade1a2edb81fcae3b31\",\"size\":19471,\"time\":1493062442}}', '2010-04-08 03:10:10');
INSERT INTO `caches` (`name`, `data`, `expires`) VALUES('FileCompiler__bdedc2c7e8e4d49a57151301753354d5', '{\"source\":{\"file\":\"\\/Volumes\\/Working\\/Tele2\\/tele2-web\\/site-smart\\/modules\\/Pages2Pdf\\/WirePDF.module\",\"hash\":\"78b72749eed8d8016c24911a00eeaf2b\",\"size\":10559,\"time\":1493062442,\"ns\":\"\\\\\"},\"target\":{\"file\":\"\\/Volumes\\/Working\\/Tele2\\/tele2-web\\/site-smart\\/assets\\/cache\\/FileCompiler\\/site-smart\\/modules\\/Pages2Pdf\\/WirePDF.module\",\"hash\":\"5e1432462cdfb5f52e60245cd8ea9f78\",\"size\":11264,\"time\":1493062442}}', '2010-04-08 03:10:10');
INSERT INTO `caches` (`name`, `data`, `expires`) VALUES('FileCompiler__57bd897fdedf556c142be2d9c229814c', '{\"source\":{\"file\":\"\\/Volumes\\/Working\\/Tele2\\/tele2-web\\/site-smart\\/modules\\/ProcessWireUpgrade\\/ProcessWireUpgrade.module\",\"hash\":\"66cc6ed58e83f659bc4a51665b4d2d83\",\"size\":26751,\"time\":1484610261,\"ns\":\"\\\\\"},\"target\":{\"file\":\"\\/Volumes\\/Working\\/Tele2\\/tele2-web\\/site-smart\\/assets\\/cache\\/FileCompiler\\/site-smart\\/modules\\/ProcessWireUpgrade\\/ProcessWireUpgrade.module\",\"hash\":\"e755d22d24df133c8b6ce26f22e281c1\",\"size\":27050,\"time\":1484610261}}', '2010-04-08 03:10:10');
INSERT INTO `caches` (`name`, `data`, `expires`) VALUES('FileCompiler__e5300f3c3d261ef4eced618e751c5b4b', '{\"source\":{\"file\":\"\\/Volumes\\/Working\\/Tele2\\/tele2-web\\/site-smart\\/modules\\/ProcessWireUpgrade\\/ProcessWireUpgradeCheck.module\",\"hash\":\"1f30f3a328cbd2d9b9ceeb9e7cb0ab9e\",\"size\":11162,\"time\":1484610262,\"ns\":\"\\\\\"},\"target\":{\"file\":\"\\/Volumes\\/Working\\/Tele2\\/tele2-web\\/site-smart\\/assets\\/cache\\/FileCompiler\\/site-smart\\/modules\\/ProcessWireUpgrade\\/ProcessWireUpgradeCheck.module\",\"hash\":\"967631030b36c79030d70a146b00afd5\",\"size\":11253,\"time\":1484610262}}', '2010-04-08 03:10:10');
INSERT INTO `caches` (`name`, `data`, `expires`) VALUES('FileCompiler__18cbf5ab6ae3b17c7798d068028e3115', '{\"source\":{\"file\":\"\\/Volumes\\/Working\\/Tele2\\/tele2-web\\/site-smart\\/modules\\/ProcessWireUpgrade\\/ProcessWireUpgradeCheck.config.php\",\"hash\":\"c3c743773b0bce19a80fe6d3a7a8f516\",\"size\":622,\"time\":1484610262,\"ns\":\"\\\\\"},\"target\":{\"file\":\"\\/Volumes\\/Working\\/Tele2\\/tele2-web\\/site-smart\\/assets\\/cache\\/FileCompiler\\/site-smart\\/modules\\/ProcessWireUpgrade\\/ProcessWireUpgradeCheck.config.php\",\"hash\":\"2a9c49f29d6273cd1cf98c764aae5530\",\"size\":635,\"time\":1484610262}}', '2010-04-08 03:10:10');
INSERT INTO `caches` (`name`, `data`, `expires`) VALUES('FileCompiler__30fe5678adc9e159921cb6626607bac2', '{\"source\":{\"file\":\"\\/Volumes\\/Working\\/Siilak\\/www\\/Wire\\/site\\/templates\\/admin.php\",\"hash\":\"9636f854995462a4cb877cb1204bc2fe\",\"size\":467,\"time\":1489800602,\"ns\":\"ProcessWire\"},\"target\":{\"file\":\"\\/Volumes\\/Working\\/Siilak\\/www\\/Wire\\/site\\/assets\\/cache\\/FileCompiler\\/site\\/templates\\/admin.php\",\"hash\":\"9636f854995462a4cb877cb1204bc2fe\",\"size\":467,\"time\":1489800602}}', '2010-04-08 03:10:10');
INSERT INTO `caches` (`name`, `data`, `expires`) VALUES('FileCompiler__4760214ccb7fea08595f5497942e257c', '{\"source\":{\"file\":\"\\/Volumes\\/Working\\/Siilak\\/www\\/Wire\\/site\\/templates\\/home.php\",\"hash\":\"b65da8dcebf4cc73ae3704fd8047688f\",\"size\":811,\"time\":1489800602,\"ns\":\"\\\\\"},\"target\":{\"file\":\"\\/Volumes\\/Working\\/Siilak\\/www\\/Wire\\/site\\/assets\\/cache\\/FileCompiler\\/site\\/templates\\/home.php\",\"hash\":\"b65da8dcebf4cc73ae3704fd8047688f\",\"size\":811,\"time\":1489800602}}', '2010-04-08 03:10:10');
INSERT INTO `caches` (`name`, `data`, `expires`) VALUES('Modules.site-app/modules/', 'AllInOneMinify/AllInOneMinify.module\nCronjobDatabaseBackup/CronjobDatabaseBackup.module\nHelloworld/Helloworld.module\nMarkupSocialShareButtons/MarkupSocialShareButtons.module\nProcessCustomUploadNames/ProcessCustomUploadNames.module\nProcessDatabaseBackups/ProcessDatabaseBackups.module\nProcessGetVideoThumbs/ProcessGetVideoThumbs.module', '2010-04-08 03:10:10');
INSERT INTO `caches` (`name`, `data`, `expires`) VALUES('FileCompiler__dd89db10123049cf40e150320fffaaaf', '{\"source\":{\"file\":\"\\/Volumes\\/Working\\/Siilak\\/www\\/Wire\\/site-app\\/templates\\/home.php\",\"hash\":\"ab0f2f48a9b0c507fca4b4c9020ab645\",\"size\":813,\"time\":1512669486,\"ns\":\"\\\\\"},\"target\":{\"file\":\"\\/Volumes\\/Working\\/Siilak\\/www\\/Wire\\/site-app\\/assets\\/cache\\/FileCompiler\\/site-app\\/templates\\/home.php\",\"hash\":\"ab0f2f48a9b0c507fca4b4c9020ab645\",\"size\":813,\"time\":1512669486}}', '2010-04-08 03:10:10');
INSERT INTO `caches` (`name`, `data`, `expires`) VALUES('FileCompiler__8895618a58a11b3788ffed8c591b9e91', '{\"source\":{\"file\":\"\\/Volumes\\/Working\\/Siilak\\/www\\/Wire\\/site-app\\/templates\\/admin.php\",\"hash\":\"9636f854995462a4cb877cb1204bc2fe\",\"size\":467,\"time\":1489800602,\"ns\":\"ProcessWire\"},\"target\":{\"file\":\"\\/Volumes\\/Working\\/Siilak\\/www\\/Wire\\/site-app\\/assets\\/cache\\/FileCompiler\\/site-app\\/templates\\/admin.php\",\"hash\":\"9636f854995462a4cb877cb1204bc2fe\",\"size\":467,\"time\":1489800602}}', '2010-04-08 03:10:10');
INSERT INTO `caches` (`name`, `data`, `expires`) VALUES('FileCompiler__daae4354c0dde1c0cc8c5a0ece19daf7', '{\"source\":{\"file\":\"\\/Volumes\\/Working\\/Siilak\\/www\\/Wire\\/site-app\\/templates\\/nav.php\",\"hash\":\"5417577a587a696418609577c1daa921\",\"size\":1233,\"time\":1489804202,\"ns\":\"\\\\\"},\"target\":{\"file\":\"\\/Volumes\\/Working\\/Siilak\\/www\\/Wire\\/site-app\\/assets\\/cache\\/FileCompiler\\/site-app\\/templates\\/nav.php\",\"hash\":\"d3120fd969913ae2eff290739fdb3afa\",\"size\":1595,\"time\":1489804202}}', '2010-04-08 03:10:10');
INSERT INTO `caches` (`name`, `data`, `expires`) VALUES('FileCompiler__000a1fa32acfe58ab045ffe4a758f337', '{\"source\":{\"file\":\"\\/Volumes\\/Working\\/Siilak\\/www\\/Wire\\/site-app\\/templates\\/inc\\/rest.php\",\"hash\":\"a47fdae15f375fffc25bb4b782e7b62e\",\"size\":9461,\"time\":1489800602,\"ns\":\"Rest\"},\"target\":{\"file\":\"\\/Volumes\\/Working\\/Siilak\\/www\\/Wire\\/site-app\\/assets\\/cache\\/FileCompiler\\/site-app\\/templates\\/inc\\/rest.php\",\"hash\":\"a47fdae15f375fffc25bb4b782e7b62e\",\"size\":9461,\"time\":1489800602}}', '2010-04-08 03:10:10');
INSERT INTO `caches` (`name`, `data`, `expires`) VALUES('FileCompiler__b5658009dff00c6c0b9e7fbebb7e1f1e', '{\"source\":{\"file\":\"\\/Volumes\\/Working\\/Siilak\\/www\\/Wire\\/site-app\\/templates\\/inc\\/pagefields.php\",\"hash\":\"8e35f4c4c0f09905f558de233988502a\",\"size\":12064,\"time\":1512685327,\"ns\":\"\\\\\"},\"target\":{\"file\":\"\\/Volumes\\/Working\\/Siilak\\/www\\/Wire\\/site-app\\/assets\\/cache\\/FileCompiler\\/site-app\\/templates\\/inc\\/pagefields.php\",\"hash\":\"1d7a2cee0490b0aaa9335fcf81015fb9\",\"size\":12103,\"time\":1512685327}}', '2010-04-08 03:10:10');
INSERT INTO `caches` (`name`, `data`, `expires`) VALUES('FileCompiler__42f548b654fcebd4d3f0956307e3818b', '{\"source\":{\"file\":\"\\/Volumes\\/Working\\/Siilak\\/www\\/Wire\\/site-app\\/templates\\/pages.php\",\"hash\":\"8696e5b659f1f6d937e7084a2d99c733\",\"size\":1174,\"time\":1489804202,\"ns\":\"\\\\\"},\"target\":{\"file\":\"\\/Volumes\\/Working\\/Siilak\\/www\\/Wire\\/site-app\\/assets\\/cache\\/FileCompiler\\/site-app\\/templates\\/pages.php\",\"hash\":\"27626ec89249718e752738c2aa6cdabd\",\"size\":1536,\"time\":1489804202}}', '2010-04-08 03:10:10');
INSERT INTO `caches` (`name`, `data`, `expires`) VALUES('FileCompiler__cca9a73601996fe5286d594aab849e2a', '{\"source\":{\"file\":\"\\/Volumes\\/Working\\/Tele2\\/tele2-web\\/site-smart\\/ready.php\",\"hash\":\"964d2330ebb372610d63baf78f9a8ae9\",\"size\":79,\"time\":1512382254,\"ns\":\"ProcessWire\"},\"target\":{\"file\":\"\\/Volumes\\/Working\\/Tele2\\/tele2-web\\/site-smart\\/assets\\/cache\\/FileCompiler\\/site-smart\\/ready.php\",\"hash\":\"964d2330ebb372610d63baf78f9a8ae9\",\"size\":79,\"time\":1512382254}}', '2010-04-08 03:10:10');
INSERT INTO `caches` (`name`, `data`, `expires`) VALUES('FileCompiler__764c97327b2154c3304fa801b43615d1', '{\"source\":{\"file\":\"\\/Volumes\\/Working\\/Siilak\\/www\\/Wire\\/site-app\\/modules\\/AllInOneMinify\\/AllInOneMinify.module\",\"hash\":\"07537956dfb391fc13a4bfdf84ffbd56\",\"size\":58985,\"time\":1484609735,\"ns\":\"\\\\\"},\"target\":{\"file\":\"\\/Volumes\\/Working\\/Siilak\\/www\\/Wire\\/site-app\\/assets\\/cache\\/FileCompiler\\/site-app\\/modules\\/AllInOneMinify\\/AllInOneMinify.module\",\"hash\":\"5f323461c889312b69caa7b19ab98807\",\"size\":60829,\"time\":1484609735}}', '2010-04-08 03:10:10');
INSERT INTO `caches` (`name`, `data`, `expires`) VALUES('FileCompiler__f8456397bd5b33526033c074a72f2522', '{\"source\":{\"file\":\"\\/Volumes\\/Working\\/Siilak\\/www\\/Wire\\/site-app\\/modules\\/CronjobDatabaseBackup\\/CronjobDatabaseBackup.module\",\"hash\":\"8f7b16ea2c3eba65e1c33a4c8a369bc2\",\"size\":15124,\"time\":1484661452,\"ns\":\"\\\\\"},\"target\":{\"file\":\"\\/Volumes\\/Working\\/Siilak\\/www\\/Wire\\/site-app\\/assets\\/cache\\/FileCompiler\\/site-app\\/modules\\/CronjobDatabaseBackup\\/CronjobDatabaseBackup.module\",\"hash\":\"54e333cd4848be2bdde5f582aa44634f\",\"size\":15969,\"time\":1484661452}}', '2010-04-08 03:10:10');
INSERT INTO `caches` (`name`, `data`, `expires`) VALUES('FileCompiler__599d9a092311fbea0be2af055c05808e', '{\"source\":{\"file\":\"\\/Volumes\\/Working\\/Siilak\\/www\\/Wire\\/site-app\\/modules\\/MarkupSocialShareButtons\\/MarkupSocialShareButtons.module\",\"hash\":\"7be34b4c7bf6b459226643440dddfafa\",\"size\":22816,\"time\":1493970548,\"ns\":\"\\\\\"},\"target\":{\"file\":\"\\/Volumes\\/Working\\/Siilak\\/www\\/Wire\\/site-app\\/assets\\/cache\\/FileCompiler\\/site-app\\/modules\\/MarkupSocialShareButtons\\/MarkupSocialShareButtons.module\",\"hash\":\"75e5b85b5062bdfcdbe154abd8253190\",\"size\":23426,\"time\":1493970548}}', '2010-04-08 03:10:10');
INSERT INTO `caches` (`name`, `data`, `expires`) VALUES('FileCompiler__cb54b2c0d9d26f5f9d70906525715e31', '{\"source\":{\"file\":\"\\/Volumes\\/Working\\/Siilak\\/www\\/Wire\\/site-app\\/modules\\/ProcessCustomUploadNames\\/ProcessCustomUploadNames.module\",\"hash\":\"d005249aca2cf523e24210b89aab9250\",\"size\":40400,\"time\":1484610257,\"ns\":\"\\\\\"},\"target\":{\"file\":\"\\/Volumes\\/Working\\/Siilak\\/www\\/Wire\\/site-app\\/assets\\/cache\\/FileCompiler\\/site-app\\/modules\\/ProcessCustomUploadNames\\/ProcessCustomUploadNames.module\",\"hash\":\"52fb4b840eaf774552384796e81db2cf\",\"size\":40871,\"time\":1484610257}}', '2010-04-08 03:10:10');
INSERT INTO `caches` (`name`, `data`, `expires`) VALUES('FileCompiler__7a008564143556c669b390b57b7998e9', '{\"source\":{\"file\":\"\\/Volumes\\/Working\\/Siilak\\/www\\/Wire\\/site-app\\/modules\\/ProcessDatabaseBackups\\/ProcessDatabaseBackups.module\",\"hash\":\"e5dea11b1afb638b9a47edcb10eab399\",\"size\":12324,\"time\":1484610257,\"ns\":\"\\\\\"},\"target\":{\"file\":\"\\/Volumes\\/Working\\/Siilak\\/www\\/Wire\\/site-app\\/assets\\/cache\\/FileCompiler\\/site-app\\/modules\\/ProcessDatabaseBackups\\/ProcessDatabaseBackups.module\",\"hash\":\"b60bbe3016c7d47159d299c1b87ae4e6\",\"size\":12441,\"time\":1484610257}}', '2010-04-08 03:10:10');
INSERT INTO `caches` (`name`, `data`, `expires`) VALUES('FileCompiler__6d716fe7b0290ce8a018b08a9e56a96f', '{\"source\":{\"file\":\"\\/Volumes\\/Working\\/Siilak\\/www\\/Wire\\/site-app\\/modules\\/ProcessGetVideoThumbs\\/ProcessGetVideoThumbs.module\",\"hash\":\"8161a971469a3acf599be5a5c8ea72d5\",\"size\":17546,\"time\":1493738037,\"ns\":\"\\\\\"},\"target\":{\"file\":\"\\/Volumes\\/Working\\/Siilak\\/www\\/Wire\\/site-app\\/assets\\/cache\\/FileCompiler\\/site-app\\/modules\\/ProcessGetVideoThumbs\\/ProcessGetVideoThumbs.module\",\"hash\":\"6ee48af121e1a12387a77004d3d8c4d8\",\"size\":17858,\"time\":1493738037}}', '2010-04-08 03:10:10');
INSERT INTO `caches` (`name`, `data`, `expires`) VALUES('Modules.site-smart/modules/', 'CronjobDatabaseBackup/CronjobDatabaseBackup.module\nMarkupSocialShareButtons/MarkupSocialShareButtons.module\nProcessCustomUploadNames/ProcessCustomUploadNames.module\nProcessDatabaseBackups/ProcessDatabaseBackups.module\nProcessWireUpgrade/ProcessWireUpgrade.module\nProcessWireUpgrade/ProcessWireUpgradeCheck.module\nVersionControl/PageSnapshot.module\nVersionControl/ProcessVersionControl.module\nVersionControl/VersionControl.module', '2010-04-08 03:10:10');
INSERT INTO `caches` (`name`, `data`, `expires`) VALUES('FileCompiler__d6a9970fb835d111d877a351117935a3', '{\"source\":{\"file\":\"\\/Volumes\\/Working\\/Tele2\\/tele2-web\\/site-smart\\/templates\\/home.php\",\"hash\":\"491380d272259949de3b6021e7b422a6\",\"size\":785,\"time\":1513015623,\"ns\":\"\\\\\"},\"target\":{\"file\":\"\\/Volumes\\/Working\\/Tele2\\/tele2-web\\/site-smart\\/assets\\/cache\\/FileCompiler\\/site-smart\\/templates\\/home.php\",\"hash\":\"491380d272259949de3b6021e7b422a6\",\"size\":785,\"time\":1513015623}}', '2010-04-08 03:10:10');
INSERT INTO `caches` (`name`, `data`, `expires`) VALUES('FileCompiler__c901db686e29b5828feb361592782ffd', '{\"source\":{\"file\":\"\\/Volumes\\/Working\\/Tele2\\/tele2-web\\/site-smart\\/modules\\/AllInOneMinify\\/AllInOneMinify.module\",\"hash\":\"07537956dfb391fc13a4bfdf84ffbd56\",\"size\":58985,\"time\":1484609735,\"ns\":\"\\\\\"},\"target\":{\"file\":\"\\/Volumes\\/Working\\/Tele2\\/tele2-web\\/site-smart\\/assets\\/cache\\/FileCompiler\\/site-smart\\/modules\\/AllInOneMinify\\/AllInOneMinify.module\",\"hash\":\"5f323461c889312b69caa7b19ab98807\",\"size\":60829,\"time\":1484609735}}', '2010-04-08 03:10:10');
INSERT INTO `caches` (`name`, `data`, `expires`) VALUES('FileCompiler__06e18cd67985ecb104b7ecb9a669c060', '{\"source\":{\"file\":\"\\/Volumes\\/Working\\/Tele2\\/tele2-web\\/site-smart\\/modules\\/CronjobDatabaseBackup\\/CronjobDatabaseBackup.module\",\"hash\":\"8f7b16ea2c3eba65e1c33a4c8a369bc2\",\"size\":15124,\"time\":1484661452,\"ns\":\"\\\\\"},\"target\":{\"file\":\"\\/Volumes\\/Working\\/Tele2\\/tele2-web\\/site-smart\\/assets\\/cache\\/FileCompiler\\/site-smart\\/modules\\/CronjobDatabaseBackup\\/CronjobDatabaseBackup.module\",\"hash\":\"54e333cd4848be2bdde5f582aa44634f\",\"size\":15969,\"time\":1484661452}}', '2010-04-08 03:10:10');
INSERT INTO `caches` (`name`, `data`, `expires`) VALUES('FileCompiler__03dfaf770517c43cedfe6b98d777c00a', '{\"source\":{\"file\":\"\\/Volumes\\/Working\\/Tele2\\/tele2-web\\/site-smart\\/modules\\/MarkupSocialShareButtons\\/MarkupSocialShareButtons.module\",\"hash\":\"7be34b4c7bf6b459226643440dddfafa\",\"size\":22816,\"time\":1493970548,\"ns\":\"\\\\\"},\"target\":{\"file\":\"\\/Volumes\\/Working\\/Tele2\\/tele2-web\\/site-smart\\/assets\\/cache\\/FileCompiler\\/site-smart\\/modules\\/MarkupSocialShareButtons\\/MarkupSocialShareButtons.module\",\"hash\":\"75e5b85b5062bdfcdbe154abd8253190\",\"size\":23426,\"time\":1493970548}}', '2010-04-08 03:10:10');
INSERT INTO `caches` (`name`, `data`, `expires`) VALUES('FileCompiler__6fc32584ad3b77a03ada2e9b9fb25683', '{\"source\":{\"file\":\"\\/Volumes\\/Working\\/Tele2\\/tele2-web\\/site-smart\\/modules\\/ProcessCustomUploadNames\\/ProcessCustomUploadNames.module\",\"hash\":\"afebbaafcca358ca5f64e346ca37152e\",\"size\":41388,\"time\":1513014799,\"ns\":\"\\\\\"},\"target\":{\"file\":\"\\/Volumes\\/Working\\/Tele2\\/tele2-web\\/site-smart\\/assets\\/cache\\/FileCompiler\\/site-smart\\/modules\\/ProcessCustomUploadNames\\/ProcessCustomUploadNames.module\",\"hash\":\"0d32ad55a89c3e15c531c85c3a664062\",\"size\":41781,\"time\":1513014799}}', '2010-04-08 03:10:10');
INSERT INTO `caches` (`name`, `data`, `expires`) VALUES('FileCompiler__54fa2ca54de6ac0325113b205b162dd0', '{\"source\":{\"file\":\"\\/Volumes\\/Working\\/Tele2\\/tele2-web\\/site-smart\\/modules\\/ProcessGetVideoThumbs\\/ProcessGetVideoThumbs.module\",\"hash\":\"8161a971469a3acf599be5a5c8ea72d5\",\"size\":17546,\"time\":1493738037,\"ns\":\"\\\\\"},\"target\":{\"file\":\"\\/Volumes\\/Working\\/Tele2\\/tele2-web\\/site-smart\\/assets\\/cache\\/FileCompiler\\/site-smart\\/modules\\/ProcessGetVideoThumbs\\/ProcessGetVideoThumbs.module\",\"hash\":\"6ee48af121e1a12387a77004d3d8c4d8\",\"size\":17858,\"time\":1493738037}}', '2010-04-08 03:10:10');
INSERT INTO `caches` (`name`, `data`, `expires`) VALUES('FileCompiler__e7d56f0c5bcddb1042ffac05f314d41b', '{\"source\":{\"file\":\"\\/Volumes\\/Working\\/Tele2\\/tele2-web\\/site-smart\\/templates\\/nav.php\",\"hash\":\"5417577a587a696418609577c1daa921\",\"size\":1233,\"time\":1489804202,\"ns\":\"\\\\\"},\"target\":{\"file\":\"\\/Volumes\\/Working\\/Tele2\\/tele2-web\\/site-smart\\/assets\\/cache\\/FileCompiler\\/site-smart\\/templates\\/nav.php\",\"hash\":\"3009fcc30ab3858ffba262ad9892de61\",\"size\":1599,\"time\":1489804202}}', '2010-04-08 03:10:10');
INSERT INTO `caches` (`name`, `data`, `expires`) VALUES('FileCompiler__fe09f7d29a58f68eae36471736a44bd4', '{\"source\":{\"file\":\"\\/Volumes\\/Working\\/Tele2\\/tele2-web\\/site-smart\\/templates\\/pages.php\",\"hash\":\"8696e5b659f1f6d937e7084a2d99c733\",\"size\":1174,\"time\":1512988827,\"ns\":\"\\\\\"},\"target\":{\"file\":\"\\/Volumes\\/Working\\/Tele2\\/tele2-web\\/site-smart\\/assets\\/cache\\/FileCompiler\\/site-smart\\/templates\\/pages.php\",\"hash\":\"044c32547adea4e57bf64f8bc852d584\",\"size\":1540,\"time\":1512988827}}', '2010-04-08 03:10:10');
INSERT INTO `caches` (`name`, `data`, `expires`) VALUES('FileCompiler__e1fcedb671c7c1648e0dbfc10854aa4e', '{\"source\":{\"file\":\"\\/Volumes\\/Working\\/Tele2\\/tele2-web\\/site-smart\\/templates\\/inc\\/rest.php\",\"hash\":\"a47fdae15f375fffc25bb4b782e7b62e\",\"size\":9461,\"time\":1489804202,\"ns\":\"Rest\"},\"target\":{\"file\":\"\\/Volumes\\/Working\\/Tele2\\/tele2-web\\/site-smart\\/assets\\/cache\\/FileCompiler\\/site-smart\\/templates\\/inc\\/rest.php\",\"hash\":\"a47fdae15f375fffc25bb4b782e7b62e\",\"size\":9461,\"time\":1489804202}}', '2010-04-08 03:10:10');
INSERT INTO `caches` (`name`, `data`, `expires`) VALUES('FileCompiler__321b4742934efc71e7a90d461f81e20d', '{\"source\":{\"file\":\"\\/Volumes\\/Working\\/Tele2\\/tele2-web\\/site-smart\\/templates\\/inc\\/pagefields.php\",\"hash\":\"69d89a808c6bd7d19416ed5d0d778027\",\"size\":13053,\"time\":1512743410,\"ns\":\"\\\\\"},\"target\":{\"file\":\"\\/Volumes\\/Working\\/Tele2\\/tele2-web\\/site-smart\\/assets\\/cache\\/FileCompiler\\/site-smart\\/templates\\/inc\\/pagefields.php\",\"hash\":\"aed41c23b5fb4a718cdc52a86b31f382\",\"size\":13092,\"time\":1512743410}}', '2010-04-08 03:10:10');
INSERT INTO `caches` (`name`, `data`, `expires`) VALUES('ModulesUninstalled.info', '{\"AdminThemeReno\":{\"name\":\"AdminThemeReno\",\"title\":\"Reno\",\"version\":17,\"versionStr\":\"0.1.7\",\"author\":\"Tom Reno (Renobird)\",\"summary\":\"Admin theme for ProcessWire 2.5+ by Tom Reno (Renobird)\",\"requiresVersions\":{\"AdminThemeDefault\":[\">=\",0]},\"autoload\":\"template=admin\",\"created\":1513001955,\"installed\":false,\"configurable\":3,\"namespace\":\"ProcessWire\\\\\",\"core\":true},\"FieldtypeCache\":{\"name\":\"FieldtypeCache\",\"title\":\"Cache\",\"version\":102,\"versionStr\":\"1.0.2\",\"summary\":\"Caches the values of other fields for fewer runtime queries. Can also be used to combine multiple text fields and have them all be searchable under the cached field name.\",\"created\":1513001956,\"installed\":false,\"namespace\":\"ProcessWire\\\\\",\"core\":true},\"CommentFilterAkismet\":{\"name\":\"CommentFilterAkismet\",\"title\":\"Comment Filter: Akismet\",\"version\":102,\"versionStr\":\"1.0.2\",\"summary\":\"Uses the Akismet service to identify comment spam. Module plugin for the Comments Fieldtype.\",\"requiresVersions\":{\"FieldtypeComments\":[\">=\",0]},\"created\":1513001956,\"installed\":false,\"configurable\":3,\"namespace\":\"ProcessWire\\\\\",\"core\":true},\"FieldtypeComments\":{\"name\":\"FieldtypeComments\",\"title\":\"Comments\",\"version\":107,\"versionStr\":\"1.0.7\",\"summary\":\"Field that stores user posted comments for a single Page\",\"installs\":[\"InputfieldCommentsAdmin\"],\"created\":1513001956,\"installed\":false,\"namespace\":\"ProcessWire\\\\\",\"core\":true},\"InputfieldCommentsAdmin\":{\"name\":\"InputfieldCommentsAdmin\",\"title\":\"Comments Admin\",\"version\":104,\"versionStr\":\"1.0.4\",\"summary\":\"Provides an administrative interface for working with comments\",\"requiresVersions\":{\"FieldtypeComments\":[\">=\",0]},\"created\":1513001956,\"installed\":false,\"namespace\":\"ProcessWire\\\\\",\"core\":true},\"FieldtypeOptions\":{\"name\":\"FieldtypeOptions\",\"title\":\"Select Options\",\"version\":1,\"versionStr\":\"0.0.1\",\"summary\":\"Field that stores single and multi select options.\",\"created\":1513001956,\"installed\":false,\"namespace\":\"ProcessWire\\\\\",\"core\":true},\"FieldtypePageTable\":{\"name\":\"FieldtypePageTable\",\"title\":\"ProFields: Page Table\",\"version\":8,\"versionStr\":\"0.0.8\",\"summary\":\"A fieldtype containing a group of editable pages.\",\"installs\":[\"InputfieldPageTable\"],\"autoload\":true,\"created\":1513001956,\"installed\":false,\"namespace\":\"ProcessWire\\\\\",\"core\":true},\"FieldtypeFieldsetPage\":{\"name\":\"FieldtypeFieldsetPage\",\"title\":\"Fieldset (Page)\",\"version\":1,\"versionStr\":\"0.0.1\",\"summary\":\"Fieldset with fields isolated to separate namespace (page), enabling re-use of fields.\",\"requiresVersions\":{\"FieldtypeRepeater\":[\">=\",0]},\"autoload\":true,\"created\":1513001956,\"installed\":false,\"configurable\":3,\"namespace\":\"ProcessWire\\\\\",\"core\":true},\"FileCompilerTags\":{\"name\":\"FileCompilerTags\",\"title\":\"Tags File Compiler\",\"version\":1,\"versionStr\":\"0.0.1\",\"summary\":\"Enables {var} or {var.property} variables in markup sections of a file. Can be used with any API variable.\",\"created\":1513001956,\"installed\":false,\"configurable\":4,\"namespace\":\"ProcessWire\\\\\",\"core\":true},\"ImageSizerEngineIMagick\":{\"name\":\"ImageSizerEngineIMagick\",\"title\":\"IMagick Image Sizer\",\"version\":1,\"versionStr\":\"0.0.1\",\"author\":\"Horst Nogajski\",\"summary\":\"Upgrades image manipulations to use PHP\'s ImageMagick library when possible.\",\"created\":1513001956,\"installed\":false,\"configurable\":4,\"namespace\":\"ProcessWire\\\\\",\"core\":true},\"InputfieldPageTable\":{\"name\":\"InputfieldPageTable\",\"title\":\"ProFields: Page Table\",\"version\":13,\"versionStr\":\"0.1.3\",\"summary\":\"Inputfield to accompany FieldtypePageTable\",\"requiresVersions\":{\"FieldtypePageTable\":[\">=\",0]},\"created\":1513001956,\"installed\":false,\"namespace\":\"ProcessWire\\\\\",\"core\":true},\"MarkupCache\":{\"name\":\"MarkupCache\",\"title\":\"Markup Cache\",\"version\":101,\"versionStr\":\"1.0.1\",\"summary\":\"A simple way to cache segments of markup in your templates. \",\"href\":\"https:\\/\\/processwire.com\\/api\\/modules\\/markupcache\\/\",\"autoload\":true,\"singular\":true,\"created\":1513001956,\"installed\":false,\"configurable\":3,\"namespace\":\"ProcessWire\\\\\",\"core\":true},\"MarkupPageFields\":{\"name\":\"MarkupPageFields\",\"title\":\"Markup Page Fields\",\"version\":100,\"versionStr\":\"1.0.0\",\"summary\":\"Adds $page->renderFields() and $page->images->render() methods that return basic markup for output during development and debugging.\",\"autoload\":true,\"singular\":true,\"created\":1513001956,\"installed\":false,\"namespace\":\"ProcessWire\\\\\",\"core\":true,\"permanent\":true},\"MarkupRSS\":{\"name\":\"MarkupRSS\",\"title\":\"Markup RSS Feed\",\"version\":102,\"versionStr\":\"1.0.2\",\"summary\":\"Renders an RSS feed. Given a PageArray, renders an RSS feed of them.\",\"created\":1513001956,\"installed\":false,\"configurable\":3,\"namespace\":\"ProcessWire\\\\\",\"core\":true},\"PageFrontEdit\":{\"name\":\"PageFrontEdit\",\"title\":\"Front-End Page Editor\",\"version\":2,\"versionStr\":\"0.0.2\",\"author\":\"Ryan Cramer\",\"summary\":\"Enables front-end editing of page fields.\",\"icon\":\"cube\",\"permissions\":{\"page-edit-front\":\"Use the front-end page editor\"},\"autoload\":true,\"created\":1513001956,\"installed\":false,\"configurable\":\"PageFrontEditConfig.php\",\"namespace\":\"ProcessWire\\\\\",\"core\":true,\"license\":\"MPL 2.0\"},\"PagePathHistory\":{\"name\":\"PagePathHistory\",\"title\":\"Page Path History\",\"version\":2,\"versionStr\":\"0.0.2\",\"summary\":\"Keeps track of past URLs where pages have lived and automatically redirects (301 permament) to the new location whenever the past URL is accessed.\",\"autoload\":true,\"singular\":true,\"created\":1513001956,\"installed\":false,\"namespace\":\"ProcessWire\\\\\",\"core\":true},\"PagePaths\":{\"name\":\"PagePaths\",\"title\":\"Page Paths\",\"version\":1,\"versionStr\":\"0.0.1\",\"summary\":\"Enables page paths\\/urls to be queryable by selectors. Also offers potential for improved load performance. Builds an index at install (may take time on a large site). Currently supports only single languages sites.\",\"autoload\":true,\"singular\":true,\"created\":1513001956,\"installed\":false,\"namespace\":\"ProcessWire\\\\\",\"core\":true},\"ProcessCommentsManager\":{\"name\":\"ProcessCommentsManager\",\"title\":\"Comments\",\"version\":7,\"versionStr\":\"0.0.7\",\"author\":\"Ryan Cramer\",\"summary\":\"Manage comments in your site outside of the page editor.\",\"icon\":\"comments\",\"requiresVersions\":{\"FieldtypeComments\":[\">=\",0]},\"permission\":\"comments-manager\",\"permissions\":{\"comments-manager\":\"Use the comments manager\"},\"created\":1513001956,\"installed\":false,\"namespace\":\"ProcessWire\\\\\",\"core\":true,\"page\":{\"name\":\"comments\",\"parent\":\"setup\",\"title\":\"Comments\"},\"nav\":[{\"url\":\"?go=approved\",\"label\":\"Approved\"},{\"url\":\"?go=pending\",\"label\":\"Pending\"},{\"url\":\"?go=spam\",\"label\":\"Spam\"},{\"url\":\"?go=all\",\"label\":\"All\"}]},\"ProcessForgotPassword\":{\"name\":\"ProcessForgotPassword\",\"title\":\"Forgot Password\",\"version\":102,\"versionStr\":\"1.0.2\",\"summary\":\"Provides password reset\\/email capability for the Login process.\",\"permission\":\"page-view\",\"created\":1513001956,\"installed\":false,\"configurable\":3,\"namespace\":\"ProcessWire\\\\\",\"core\":true},\"ProcessPageClone\":{\"name\":\"ProcessPageClone\",\"title\":\"Page Clone\",\"version\":103,\"versionStr\":\"1.0.3\",\"summary\":\"Provides ability to clone\\/copy\\/duplicate pages in the admin. Adds a &quot;copy&quot; option to all applicable pages in the PageList.\",\"permission\":\"page-clone\",\"permissions\":{\"page-clone\":\"Clone a page\",\"page-clone-tree\":\"Clone a tree of pages\"},\"autoload\":\"template=admin\",\"created\":1513001956,\"installed\":false,\"namespace\":\"ProcessWire\\\\\",\"core\":true,\"page\":{\"name\":\"clone\",\"title\":\"Clone\",\"parent\":\"page\",\"status\":1024}},\"ProcessPagesExportImport\":{\"name\":\"ProcessPagesExportImport\",\"title\":\"Pages Export\\/Import\",\"version\":1,\"versionStr\":\"0.0.1\",\"author\":\"Ryan Cramer\",\"summary\":\"Enables exporting and importing of pages. Development version, not yet recommended for production use.\",\"icon\":\"paper-plane-o\",\"permission\":\"page-edit-export\",\"created\":1513001956,\"installed\":false,\"namespace\":\"ProcessWire\\\\\",\"core\":true,\"page\":{\"name\":\"export-import\",\"parent\":\"page\",\"title\":\"Export\\/Import\"}},\"ProcessSessionDB\":{\"name\":\"ProcessSessionDB\",\"title\":\"Sessions\",\"version\":3,\"versionStr\":\"0.0.3\",\"summary\":\"Enables you to browse active database sessions.\",\"icon\":\"dashboard\",\"requiresVersions\":{\"SessionHandlerDB\":[\">=\",0]},\"created\":1513001956,\"installed\":false,\"namespace\":\"ProcessWire\\\\\",\"core\":true},\"SessionHandlerDB\":{\"name\":\"SessionHandlerDB\",\"title\":\"Session Handler Database\",\"version\":5,\"versionStr\":\"0.0.5\",\"summary\":\"Installing this module makes ProcessWire store sessions in the database rather than the file system. Note that this module will log you out after install or uninstall.\",\"installs\":[\"ProcessSessionDB\"],\"created\":1513001956,\"installed\":false,\"configurable\":3,\"namespace\":\"ProcessWire\\\\\",\"core\":true},\"TextformatterMarkdownExtra\":{\"name\":\"TextformatterMarkdownExtra\",\"title\":\"Markdown\\/Parsedown Extra\",\"version\":130,\"versionStr\":\"1.3.0\",\"summary\":\"Markdown\\/Parsedown extra lightweight markup language by Emanuil Rusev. Based on Markdown by John Gruber.\",\"created\":1513001956,\"installed\":false,\"configurable\":3,\"namespace\":\"ProcessWire\\\\\",\"core\":true},\"TextformatterNewlineBR\":{\"name\":\"TextformatterNewlineBR\",\"title\":\"Newlines to XHTML Line Breaks\",\"version\":100,\"versionStr\":\"1.0.0\",\"summary\":\"Converts newlines to XHTML line break <br \\/> tags. \",\"created\":1513001956,\"installed\":false,\"namespace\":\"ProcessWire\\\\\",\"core\":true},\"TextformatterNewlineUL\":{\"name\":\"TextformatterNewlineUL\",\"title\":\"Newlines to Unordered List\",\"version\":100,\"versionStr\":\"1.0.0\",\"summary\":\"Converts newlines to <li> list items and surrounds in an <ul> unordered list. \",\"created\":1513001956,\"installed\":false,\"namespace\":\"ProcessWire\\\\\",\"core\":true},\"TextformatterPstripper\":{\"name\":\"TextformatterPstripper\",\"title\":\"Paragraph Stripper\",\"version\":100,\"versionStr\":\"1.0.0\",\"summary\":\"Strips paragraph <p> tags that may have been applied by other text formatters before it. \",\"created\":1513001956,\"installed\":false,\"namespace\":\"ProcessWire\\\\\",\"core\":true},\"TextformatterSmartypants\":{\"name\":\"TextformatterSmartypants\",\"title\":\"SmartyPants Typographer\",\"version\":171,\"versionStr\":\"1.7.1\",\"summary\":\"Smart typography for web sites, by Michel Fortin based on SmartyPants by John Gruber. If combined with Markdown, it should be applied AFTER Markdown.\",\"created\":1513001956,\"installed\":false,\"configurable\":4,\"namespace\":\"ProcessWire\\\\\",\"core\":true,\"url\":\"https:\\/\\/github.com\\/michelf\\/php-smartypants\"},\"TextformatterStripTags\":{\"name\":\"TextformatterStripTags\",\"title\":\"Strip Markup Tags\",\"version\":100,\"versionStr\":\"1.0.0\",\"summary\":\"Strips HTML\\/XHTML Markup Tags\",\"created\":1513001956,\"installed\":false,\"configurable\":3,\"namespace\":\"ProcessWire\\\\\",\"core\":true},\"PageSnapshot\":{\"name\":\"PageSnapshot\",\"title\":\"Page Snapshot\",\"version\":\"1.1.21\",\"versionStr\":\"1.1.21\",\"author\":\"Teppo Koivula, SteveB\",\"summary\":\"Return page in the state it was at the given time.\",\"href\":\"http:\\/\\/modules.processwire.com\\/modules\\/version-control\\/\",\"requiresVersions\":{\"VersionControl\":[\">=\",0],\"ProcessWire\":[\">=\",\"2.4.1\"]},\"autoload\":true,\"singular\":true,\"created\":1513028404,\"installed\":false,\"namespace\":\"\\\\\"},\"ProcessVersionControl\":{\"name\":\"ProcessVersionControl\",\"title\":\"Process Version Control\",\"version\":\"1.2.5\",\"versionStr\":\"1.2.5\",\"author\":\"Teppo Koivula\",\"summary\":\"Provides the interface required by Version Control.\",\"href\":\"http:\\/\\/modules.processwire.com\\/modules\\/version-control\\/\",\"requiresVersions\":{\"VersionControl\":[\">=\",0]},\"permission\":\"version-control\",\"singular\":true,\"created\":1513028404,\"installed\":false,\"configurable\":true,\"namespace\":\"\\\\\"},\"VersionControl\":{\"name\":\"VersionControl\",\"title\":\"Version Control\",\"version\":\"1.2.9\",\"versionStr\":\"1.2.9\",\"author\":\"Teppo Koivula\",\"summary\":\"Version control features for page content.\",\"href\":\"http:\\/\\/modules.processwire.com\\/modules\\/version-control\\/\",\"requiresVersions\":{\"ProcessWire\":[\">=\",\"2.4.1\"]},\"installs\":[\"LazyCron\",\"PageSnapshot\",\"ProcessVersionControl\"],\"autoload\":true,\"singular\":true,\"created\":1513028404,\"installed\":false,\"configurable\":true,\"namespace\":\"\\\\\"}}', '2010-04-08 03:10:10');
INSERT INTO `caches` (`name`, `data`, `expires`) VALUES('Permissions.names', '{\"db-backup\":1037,\"lang-edit\":1055,\"logs-edit\":1014,\"logs-view\":1013,\"page-delete\":34,\"page-edit\":32,\"page-edit-recent\":1011,\"page-lister\":1006,\"page-lock\":54,\"page-move\":35,\"page-sort\":50,\"page-template\":51,\"page-view\":36,\"profile-edit\":53,\"user-admin\":52}', '2010-04-08 03:10:10');
INSERT INTO `caches` (`name`, `data`, `expires`) VALUES('ProcessWireUpgradeCheck_loginHook', '{\"branches\":{\"dev\":{\"name\":\"dev\",\"title\":\"Dev\",\"zipURL\":\"https:\\/\\/github.com\\/processwire\\/processwire\\/archive\\/dev.zip\",\"version\":\"3.0.85\",\"versionURL\":\"https:\\/\\/raw.githubusercontent.com\\/processwire\\/processwire\\/dev\\/wire\\/core\\/ProcessWire.php\"},\"master\":{\"name\":\"master\",\"title\":\"Master\",\"zipURL\":\"https:\\/\\/github.com\\/processwire\\/processwire\\/archive\\/master.zip\",\"version\":\"3.0.62\",\"versionURL\":\"https:\\/\\/raw.githubusercontent.com\\/processwire\\/processwire\\/master\\/wire\\/core\\/ProcessWire.php\"},\"legacy-master\":{\"name\":\"legacy-master\",\"title\":\"Legacy\\/Master\",\"zipURL\":\"https:\\/\\/github.com\\/processwire\\/processwire-legacy\\/archive\\/master.zip\",\"version\":\"2.8.62\",\"versionURL\":\"https:\\/\\/raw.githubusercontent.com\\/processwire\\/processwire-legacy\\/master\\/wire\\/core\\/ProcessWire.php\"},\"prev-dev\":{\"name\":\"prev-dev\",\"title\":\"Prev\\/Dev\",\"zipURL\":\"https:\\/\\/github.com\\/ryancramerdesign\\/ProcessWire\\/archive\\/dev.zip\",\"version\":\"2.7.3\",\"versionURL\":\"https:\\/\\/raw.githubusercontent.com\\/ryancramerdesign\\/ProcessWire\\/dev\\/wire\\/core\\/ProcessWire.php\"},\"prev-devns\":{\"name\":\"prev-devns\",\"title\":\"Prev\\/Devns\",\"zipURL\":\"https:\\/\\/github.com\\/ryancramerdesign\\/ProcessWire\\/archive\\/devns.zip\",\"version\":\"3.0.33\",\"versionURL\":\"https:\\/\\/raw.githubusercontent.com\\/ryancramerdesign\\/ProcessWire\\/devns\\/wire\\/core\\/ProcessWire.php\"},\"prev-master\":{\"name\":\"prev-master\",\"title\":\"Prev\\/Master\",\"zipURL\":\"https:\\/\\/github.com\\/ryancramerdesign\\/ProcessWire\\/archive\\/master.zip\",\"version\":\"2.7.3\",\"versionURL\":\"https:\\/\\/raw.githubusercontent.com\\/ryancramerdesign\\/ProcessWire\\/master\\/wire\\/core\\/ProcessWire.php\"}},\"moduleVersions\":[]}', '2017-12-12 02:21:20');
INSERT INTO `caches` (`name`, `data`, `expires`) VALUES('Modules.info', '{\"148\":{\"name\":\"AdminThemeDefault\",\"title\":\"Default\",\"version\":14,\"autoload\":\"template=admin\",\"created\":1489306713,\"configurable\":19,\"namespace\":\"ProcessWire\\\\\"},\"186\":{\"name\":\"AdminThemeUikit\",\"title\":\"Uikit\",\"version\":21,\"requiresVersions\":{\"ProcessWire\":[\">=\",\"3.0.61\"]},\"autoload\":\"template=admin\",\"created\":1513064239,\"configurable\":4,\"namespace\":\"ProcessWire\\\\\"},\"97\":{\"name\":\"FieldtypeCheckbox\",\"title\":\"Checkbox\",\"version\":101,\"singular\":1,\"created\":1489306713,\"namespace\":\"ProcessWire\\\\\",\"permanent\":true},\"28\":{\"name\":\"FieldtypeDatetime\",\"title\":\"Datetime\",\"version\":104,\"created\":1489306713,\"namespace\":\"ProcessWire\\\\\"},\"29\":{\"name\":\"FieldtypeEmail\",\"title\":\"E-Mail\",\"version\":100,\"singular\":true,\"created\":1489306713,\"namespace\":\"ProcessWire\\\\\"},\"106\":{\"name\":\"FieldtypeFieldsetClose\",\"title\":\"Fieldset (Close)\",\"version\":100,\"singular\":1,\"created\":1489306713,\"namespace\":\"ProcessWire\\\\\",\"permanent\":true},\"105\":{\"name\":\"FieldtypeFieldsetOpen\",\"title\":\"Fieldset (Open)\",\"version\":101,\"singular\":1,\"created\":1489306713,\"namespace\":\"ProcessWire\\\\\",\"permanent\":true},\"107\":{\"name\":\"FieldtypeFieldsetTabOpen\",\"title\":\"Fieldset in Tab (Open)\",\"version\":100,\"singular\":1,\"created\":1489306713,\"namespace\":\"ProcessWire\\\\\",\"permanent\":true},\"6\":{\"name\":\"FieldtypeFile\",\"title\":\"Files\",\"version\":105,\"singular\":true,\"created\":1489306713,\"namespace\":\"ProcessWire\\\\\",\"permanent\":true},\"89\":{\"name\":\"FieldtypeFloat\",\"title\":\"Float\",\"version\":105,\"singular\":1,\"created\":1489306713,\"namespace\":\"ProcessWire\\\\\",\"permanent\":true},\"57\":{\"name\":\"FieldtypeImage\",\"title\":\"Images\",\"version\":101,\"singular\":true,\"created\":1489306713,\"namespace\":\"ProcessWire\\\\\",\"permanent\":true},\"84\":{\"name\":\"FieldtypeInteger\",\"title\":\"Integer\",\"version\":101,\"created\":1489306713,\"namespace\":\"ProcessWire\\\\\",\"permanent\":true},\"27\":{\"name\":\"FieldtypeModule\",\"title\":\"Module Reference\",\"version\":101,\"singular\":true,\"created\":1489306713,\"namespace\":\"ProcessWire\\\\\",\"permanent\":true},\"4\":{\"name\":\"FieldtypePage\",\"title\":\"Page Reference\",\"version\":104,\"autoload\":true,\"singular\":true,\"created\":1489306713,\"configurable\":3,\"namespace\":\"ProcessWire\\\\\",\"permanent\":true},\"111\":{\"name\":\"FieldtypePageTitle\",\"title\":\"Page Title\",\"version\":100,\"singular\":1,\"created\":1489306713,\"namespace\":\"ProcessWire\\\\\",\"permanent\":true},\"133\":{\"name\":\"FieldtypePassword\",\"title\":\"Password\",\"version\":101,\"singular\":true,\"created\":1489306713,\"namespace\":\"ProcessWire\\\\\",\"permanent\":true},\"162\":{\"name\":\"FieldtypeRepeater\",\"title\":\"Repeater\",\"version\":106,\"installs\":[\"InputfieldRepeater\"],\"autoload\":true,\"singular\":true,\"created\":1489308546,\"configurable\":3,\"namespace\":\"ProcessWire\\\\\"},\"163\":{\"name\":\"InputfieldRepeater\",\"title\":\"Repeater\",\"version\":106,\"requiresVersions\":{\"FieldtypeRepeater\":[\">=\",0]},\"created\":1489308546,\"namespace\":\"ProcessWire\\\\\"},\"181\":{\"name\":\"FieldtypeSelector\",\"title\":\"Selector\",\"version\":13,\"singular\":1,\"created\":1513054797,\"namespace\":\"ProcessWire\\\\\"},\"3\":{\"name\":\"FieldtypeText\",\"title\":\"Text\",\"version\":100,\"singular\":1,\"created\":1489306713,\"namespace\":\"ProcessWire\\\\\",\"permanent\":true},\"1\":{\"name\":\"FieldtypeTextarea\",\"title\":\"Textarea\",\"version\":106,\"singular\":true,\"created\":1489306713,\"namespace\":\"ProcessWire\\\\\",\"permanent\":true},\"135\":{\"name\":\"FieldtypeURL\",\"title\":\"URL\",\"version\":101,\"singular\":1,\"created\":1489306713,\"namespace\":\"ProcessWire\\\\\",\"permanent\":true},\"25\":{\"name\":\"InputfieldAsmSelect\",\"title\":\"asmSelect\",\"version\":121,\"created\":1489306713,\"namespace\":\"ProcessWire\\\\\",\"permanent\":true},\"131\":{\"name\":\"InputfieldButton\",\"title\":\"Button\",\"version\":100,\"created\":1489306713,\"namespace\":\"ProcessWire\\\\\",\"permanent\":true},\"37\":{\"name\":\"InputfieldCheckbox\",\"title\":\"Checkbox\",\"version\":105,\"created\":1489306713,\"namespace\":\"ProcessWire\\\\\",\"permanent\":true},\"38\":{\"name\":\"InputfieldCheckboxes\",\"title\":\"Checkboxes\",\"version\":107,\"created\":1489306713,\"namespace\":\"ProcessWire\\\\\",\"permanent\":true},\"155\":{\"name\":\"InputfieldCKEditor\",\"title\":\"CKEditor\",\"version\":159,\"installs\":[\"MarkupHTMLPurifier\"],\"created\":1489306713,\"namespace\":\"ProcessWire\\\\\"},\"94\":{\"name\":\"InputfieldDatetime\",\"title\":\"Datetime\",\"version\":106,\"created\":1489306713,\"namespace\":\"ProcessWire\\\\\",\"permanent\":true},\"80\":{\"name\":\"InputfieldEmail\",\"title\":\"Email\",\"version\":101,\"created\":1489306713,\"namespace\":\"ProcessWire\\\\\"},\"78\":{\"name\":\"InputfieldFieldset\",\"title\":\"Fieldset\",\"version\":101,\"created\":1489306713,\"namespace\":\"ProcessWire\\\\\",\"permanent\":true},\"55\":{\"name\":\"InputfieldFile\",\"title\":\"Files\",\"version\":125,\"created\":1489306713,\"namespace\":\"ProcessWire\\\\\",\"permanent\":true},\"90\":{\"name\":\"InputfieldFloat\",\"title\":\"Float\",\"version\":103,\"created\":1489306713,\"namespace\":\"ProcessWire\\\\\",\"permanent\":true},\"30\":{\"name\":\"InputfieldForm\",\"title\":\"Form\",\"version\":107,\"created\":1489306713,\"namespace\":\"ProcessWire\\\\\",\"permanent\":true},\"40\":{\"name\":\"InputfieldHidden\",\"title\":\"Hidden\",\"version\":101,\"created\":1489306713,\"namespace\":\"ProcessWire\\\\\",\"permanent\":true},\"161\":{\"name\":\"InputfieldIcon\",\"title\":\"Icon\",\"version\":2,\"created\":1489306772,\"namespace\":\"ProcessWire\\\\\"},\"56\":{\"name\":\"InputfieldImage\",\"title\":\"Images\",\"version\":120,\"created\":1489306713,\"namespace\":\"ProcessWire\\\\\",\"permanent\":true},\"85\":{\"name\":\"InputfieldInteger\",\"title\":\"Integer\",\"version\":104,\"created\":1489306713,\"namespace\":\"ProcessWire\\\\\",\"permanent\":true},\"79\":{\"name\":\"InputfieldMarkup\",\"title\":\"Markup\",\"version\":102,\"created\":1489306713,\"namespace\":\"ProcessWire\\\\\",\"permanent\":true},\"41\":{\"name\":\"InputfieldName\",\"title\":\"Name\",\"version\":100,\"created\":1489306713,\"namespace\":\"ProcessWire\\\\\",\"permanent\":true},\"60\":{\"name\":\"InputfieldPage\",\"title\":\"Page\",\"version\":107,\"created\":1489306713,\"configurable\":3,\"namespace\":\"ProcessWire\\\\\",\"permanent\":true},\"164\":{\"name\":\"InputfieldPageAutocomplete\",\"title\":\"Page Auto Complete\",\"version\":112,\"created\":1489308654,\"namespace\":\"ProcessWire\\\\\"},\"15\":{\"name\":\"InputfieldPageListSelect\",\"title\":\"Page List Select\",\"version\":101,\"created\":1489306713,\"namespace\":\"ProcessWire\\\\\",\"permanent\":true},\"137\":{\"name\":\"InputfieldPageListSelectMultiple\",\"title\":\"Page List Select Multiple\",\"version\":102,\"created\":1489306713,\"namespace\":\"ProcessWire\\\\\",\"permanent\":true},\"86\":{\"name\":\"InputfieldPageName\",\"title\":\"Page Name\",\"version\":106,\"created\":1489306713,\"configurable\":3,\"namespace\":\"ProcessWire\\\\\",\"permanent\":true},\"112\":{\"name\":\"InputfieldPageTitle\",\"title\":\"Page Title\",\"version\":102,\"created\":1489306713,\"namespace\":\"ProcessWire\\\\\",\"permanent\":true},\"122\":{\"name\":\"InputfieldPassword\",\"title\":\"Password\",\"version\":102,\"created\":1489306713,\"namespace\":\"ProcessWire\\\\\",\"permanent\":true},\"39\":{\"name\":\"InputfieldRadios\",\"title\":\"Radio Buttons\",\"version\":105,\"created\":1489306713,\"namespace\":\"ProcessWire\\\\\",\"permanent\":true},\"36\":{\"name\":\"InputfieldSelect\",\"title\":\"Select\",\"version\":102,\"created\":1489306713,\"namespace\":\"ProcessWire\\\\\",\"permanent\":true},\"43\":{\"name\":\"InputfieldSelectMultiple\",\"title\":\"Select Multiple\",\"version\":101,\"created\":1489306713,\"namespace\":\"ProcessWire\\\\\",\"permanent\":true},\"149\":{\"name\":\"InputfieldSelector\",\"title\":\"Selector\",\"version\":27,\"autoload\":\"template=admin\",\"created\":1489306713,\"configurable\":3,\"namespace\":\"ProcessWire\\\\\",\"addFlag\":32},\"32\":{\"name\":\"InputfieldSubmit\",\"title\":\"Submit\",\"version\":102,\"created\":1489306713,\"namespace\":\"ProcessWire\\\\\",\"permanent\":true},\"34\":{\"name\":\"InputfieldText\",\"title\":\"Text\",\"version\":106,\"created\":1489306713,\"namespace\":\"ProcessWire\\\\\",\"permanent\":true},\"35\":{\"name\":\"InputfieldTextarea\",\"title\":\"Textarea\",\"version\":103,\"created\":1489306713,\"namespace\":\"ProcessWire\\\\\",\"permanent\":true},\"108\":{\"name\":\"InputfieldURL\",\"title\":\"URL\",\"version\":102,\"created\":1489306713,\"namespace\":\"ProcessWire\\\\\"},\"116\":{\"name\":\"JqueryCore\",\"title\":\"jQuery Core\",\"version\":183,\"singular\":true,\"created\":1489306713,\"namespace\":\"ProcessWire\\\\\",\"permanent\":true},\"151\":{\"name\":\"JqueryMagnific\",\"title\":\"jQuery Magnific Popup\",\"version\":1,\"singular\":1,\"created\":1489306713,\"namespace\":\"ProcessWire\\\\\"},\"103\":{\"name\":\"JqueryTableSorter\",\"title\":\"jQuery Table Sorter Plugin\",\"version\":221,\"singular\":1,\"created\":1489306713,\"namespace\":\"ProcessWire\\\\\"},\"117\":{\"name\":\"JqueryUI\",\"title\":\"jQuery UI\",\"version\":196,\"singular\":true,\"created\":1489306713,\"namespace\":\"ProcessWire\\\\\",\"permanent\":true},\"45\":{\"name\":\"JqueryWireTabs\",\"title\":\"jQuery Wire Tabs Plugin\",\"version\":108,\"created\":1489306713,\"configurable\":3,\"namespace\":\"ProcessWire\\\\\",\"permanent\":true},\"179\":{\"name\":\"FieldtypePageTitleLanguage\",\"title\":\"Page Title (Multi-Language)\",\"version\":100,\"requiresVersions\":{\"LanguageSupportFields\":[\">=\",0],\"FieldtypeTextLanguage\":[\">=\",0]},\"singular\":true,\"created\":1513054783,\"namespace\":\"ProcessWire\\\\\"},\"180\":{\"name\":\"FieldtypeTextareaLanguage\",\"title\":\"Textarea (Multi-language)\",\"version\":100,\"requiresVersions\":{\"LanguageSupportFields\":[\">=\",0]},\"singular\":true,\"created\":1513054783,\"namespace\":\"ProcessWire\\\\\"},\"178\":{\"name\":\"FieldtypeTextLanguage\",\"title\":\"Text (Multi-language)\",\"version\":100,\"requiresVersions\":{\"LanguageSupportFields\":[\">=\",0]},\"singular\":true,\"created\":1513054782,\"namespace\":\"ProcessWire\\\\\"},\"174\":{\"name\":\"LanguageSupport\",\"title\":\"Languages Support\",\"version\":103,\"installs\":[\"ProcessLanguage\",\"ProcessLanguageTranslator\"],\"autoload\":true,\"singular\":true,\"created\":1513054761,\"configurable\":true,\"namespace\":\"ProcessWire\\\\\",\"addFlag\":32},\"177\":{\"name\":\"LanguageSupportFields\",\"title\":\"Languages Support - Fields\",\"version\":100,\"requiresVersions\":{\"LanguageSupport\":[\">=\",0]},\"installs\":[\"FieldtypePageTitleLanguage\",\"FieldtypeTextareaLanguage\",\"FieldtypeTextLanguage\"],\"autoload\":true,\"singular\":true,\"created\":1513054782,\"namespace\":\"ProcessWire\\\\\"},\"182\":{\"name\":\"LanguageSupportPageNames\",\"title\":\"Languages Support - Page Names\",\"version\":9,\"requiresVersions\":{\"LanguageSupport\":[\">=\",0],\"LanguageSupportFields\":[\">=\",0]},\"autoload\":true,\"singular\":true,\"created\":1513054815,\"configurable\":3,\"namespace\":\"ProcessWire\\\\\"},\"183\":{\"name\":\"LanguageTabs\",\"title\":\"Languages Support - Tabs\",\"version\":114,\"requiresVersions\":{\"LanguageSupport\":[\">=\",0]},\"autoload\":\"template=admin\",\"singular\":true,\"created\":1513054833,\"configurable\":4,\"namespace\":\"ProcessWire\\\\\"},\"175\":{\"name\":\"ProcessLanguage\",\"title\":\"Languages\",\"version\":103,\"icon\":\"language\",\"requiresVersions\":{\"LanguageSupport\":[\">=\",0]},\"permission\":\"lang-edit\",\"singular\":1,\"created\":1513054761,\"configurable\":3,\"namespace\":\"ProcessWire\\\\\",\"useNavJSON\":true},\"176\":{\"name\":\"ProcessLanguageTranslator\",\"title\":\"Language Translator\",\"version\":101,\"requiresVersions\":{\"LanguageSupport\":[\">=\",0]},\"permission\":\"lang-edit\",\"singular\":1,\"created\":1513054761,\"namespace\":\"ProcessWire\\\\\"},\"168\":{\"name\":\"LazyCron\",\"title\":\"Lazy Cron\",\"version\":102,\"autoload\":true,\"singular\":true,\"created\":1512991815,\"namespace\":\"ProcessWire\\\\\"},\"67\":{\"name\":\"MarkupAdminDataTable\",\"title\":\"Admin Data Table\",\"version\":107,\"created\":1489306713,\"namespace\":\"ProcessWire\\\\\",\"permanent\":true},\"156\":{\"name\":\"MarkupHTMLPurifier\",\"title\":\"HTML Purifier\",\"version\":492,\"created\":1489306713,\"namespace\":\"ProcessWire\\\\\"},\"113\":{\"name\":\"MarkupPageArray\",\"title\":\"PageArray Markup\",\"version\":100,\"autoload\":true,\"singular\":true,\"created\":1489306713,\"namespace\":\"ProcessWire\\\\\"},\"98\":{\"name\":\"MarkupPagerNav\",\"title\":\"Pager (Pagination) Navigation\",\"version\":105,\"created\":1489306713,\"namespace\":\"ProcessWire\\\\\"},\"114\":{\"name\":\"PagePermissions\",\"title\":\"Page Permissions\",\"version\":105,\"autoload\":true,\"singular\":true,\"created\":1489306713,\"namespace\":\"ProcessWire\\\\\",\"permanent\":true},\"115\":{\"name\":\"PageRender\",\"title\":\"Page Render\",\"version\":105,\"autoload\":true,\"singular\":true,\"created\":1489306713,\"configurable\":3,\"namespace\":\"ProcessWire\\\\\",\"permanent\":true},\"48\":{\"name\":\"ProcessField\",\"title\":\"Fields\",\"version\":112,\"icon\":\"cube\",\"permission\":\"field-admin\",\"created\":1489306713,\"configurable\":3,\"namespace\":\"ProcessWire\\\\\",\"permanent\":true,\"useNavJSON\":true,\"addFlag\":32},\"87\":{\"name\":\"ProcessHome\",\"title\":\"Admin Home\",\"version\":101,\"permission\":\"page-view\",\"created\":1489306713,\"namespace\":\"ProcessWire\\\\\",\"permanent\":true},\"76\":{\"name\":\"ProcessList\",\"title\":\"List\",\"version\":101,\"permission\":\"page-view\",\"created\":1489306713,\"namespace\":\"ProcessWire\\\\\",\"permanent\":true},\"160\":{\"name\":\"ProcessLogger\",\"title\":\"Logs\",\"version\":1,\"icon\":\"tree\",\"permission\":\"logs-view\",\"singular\":1,\"created\":1489306772,\"namespace\":\"ProcessWire\\\\\",\"useNavJSON\":true},\"10\":{\"name\":\"ProcessLogin\",\"title\":\"Login\",\"version\":103,\"permission\":\"page-view\",\"created\":1489306713,\"namespace\":\"ProcessWire\\\\\",\"permanent\":true},\"50\":{\"name\":\"ProcessModule\",\"title\":\"Modules\",\"version\":118,\"permission\":\"module-admin\",\"created\":1489306713,\"namespace\":\"ProcessWire\\\\\",\"permanent\":true,\"useNavJSON\":true,\"nav\":[{\"url\":\"?site#tab_site_modules\",\"label\":\"Site\",\"icon\":\"plug\",\"navJSON\":\"navJSON\\/?site=1\"},{\"url\":\"?core#tab_core_modules\",\"label\":\"Core\",\"icon\":\"plug\",\"navJSON\":\"navJSON\\/?core=1\"},{\"url\":\"?configurable#tab_configurable_modules\",\"label\":\"Configure\",\"icon\":\"gear\",\"navJSON\":\"navJSON\\/?configurable=1\"},{\"url\":\"?install#tab_install_modules\",\"label\":\"Install\",\"icon\":\"sign-in\",\"navJSON\":\"navJSON\\/?install=1\"},{\"url\":\"?reset=1\",\"label\":\"Refresh\",\"icon\":\"refresh\"}]},\"17\":{\"name\":\"ProcessPageAdd\",\"title\":\"Page Add\",\"version\":108,\"icon\":\"plus-circle\",\"permission\":\"page-edit\",\"created\":1489306713,\"configurable\":3,\"namespace\":\"ProcessWire\\\\\",\"permanent\":true,\"useNavJSON\":true},\"7\":{\"name\":\"ProcessPageEdit\",\"title\":\"Page Edit\",\"version\":108,\"icon\":\"edit\",\"permission\":\"page-edit\",\"singular\":1,\"created\":1489306713,\"configurable\":3,\"namespace\":\"ProcessWire\\\\\",\"permanent\":true,\"useNavJSON\":true},\"129\":{\"name\":\"ProcessPageEditImageSelect\",\"title\":\"Page Edit Image\",\"version\":120,\"permission\":\"page-edit\",\"singular\":1,\"created\":1489306713,\"configurable\":3,\"namespace\":\"ProcessWire\\\\\",\"permanent\":true},\"121\":{\"name\":\"ProcessPageEditLink\",\"title\":\"Page Edit Link\",\"version\":108,\"icon\":\"link\",\"permission\":\"page-edit\",\"singular\":1,\"created\":1489306713,\"configurable\":3,\"namespace\":\"ProcessWire\\\\\",\"permanent\":true},\"12\":{\"name\":\"ProcessPageList\",\"title\":\"Page List\",\"version\":119,\"icon\":\"sitemap\",\"permission\":\"page-edit\",\"created\":1489306713,\"configurable\":3,\"namespace\":\"ProcessWire\\\\\",\"permanent\":true,\"useNavJSON\":true},\"150\":{\"name\":\"ProcessPageLister\",\"title\":\"Lister\",\"version\":24,\"icon\":\"search\",\"permission\":\"page-lister\",\"created\":1489306713,\"configurable\":true,\"namespace\":\"ProcessWire\\\\\",\"permanent\":true,\"useNavJSON\":true,\"addFlag\":32},\"104\":{\"name\":\"ProcessPageSearch\",\"title\":\"Page Search\",\"version\":106,\"permission\":\"page-edit\",\"singular\":1,\"created\":1489306713,\"configurable\":3,\"namespace\":\"ProcessWire\\\\\",\"permanent\":true},\"14\":{\"name\":\"ProcessPageSort\",\"title\":\"Page Sort and Move\",\"version\":100,\"permission\":\"page-edit\",\"created\":1489306713,\"namespace\":\"ProcessWire\\\\\",\"permanent\":true},\"109\":{\"name\":\"ProcessPageTrash\",\"title\":\"Page Trash\",\"version\":102,\"singular\":1,\"created\":1489306713,\"namespace\":\"ProcessWire\\\\\",\"permanent\":true},\"134\":{\"name\":\"ProcessPageType\",\"title\":\"Page Type\",\"version\":101,\"singular\":1,\"created\":1489306713,\"configurable\":3,\"namespace\":\"ProcessWire\\\\\",\"permanent\":true,\"useNavJSON\":true,\"addFlag\":32},\"83\":{\"name\":\"ProcessPageView\",\"title\":\"Page View\",\"version\":104,\"permission\":\"page-view\",\"created\":1489306713,\"namespace\":\"ProcessWire\\\\\",\"permanent\":true},\"136\":{\"name\":\"ProcessPermission\",\"title\":\"Permissions\",\"version\":101,\"icon\":\"gear\",\"permission\":\"permission-admin\",\"singular\":1,\"created\":1489306713,\"configurable\":3,\"namespace\":\"ProcessWire\\\\\",\"permanent\":true,\"useNavJSON\":true},\"138\":{\"name\":\"ProcessProfile\",\"title\":\"User Profile\",\"version\":103,\"permission\":\"profile-edit\",\"singular\":1,\"created\":1489306713,\"configurable\":3,\"namespace\":\"ProcessWire\\\\\",\"permanent\":true},\"159\":{\"name\":\"ProcessRecentPages\",\"title\":\"Recent Pages\",\"version\":2,\"icon\":\"clock-o\",\"permission\":\"page-edit-recent\",\"singular\":1,\"created\":1489306748,\"namespace\":\"ProcessWire\\\\\",\"useNavJSON\":true,\"nav\":[{\"url\":\"?edited=1\",\"label\":\"Edited\",\"icon\":\"users\",\"navJSON\":\"navJSON\\/?edited=1\"},{\"url\":\"?added=1\",\"label\":\"Created\",\"icon\":\"users\",\"navJSON\":\"navJSON\\/?added=1&me=1\"},{\"url\":\"?edited=1&me=1\",\"label\":\"Edited by me\",\"icon\":\"user\",\"navJSON\":\"navJSON\\/?edited=1&me=1\"},{\"url\":\"?added=1&me=1\",\"label\":\"Created by me\",\"icon\":\"user\",\"navJSON\":\"navJSON\\/?added=1&me=1\"},{\"url\":\"another\\/\",\"label\":\"Add another\",\"icon\":\"plus-circle\",\"navJSON\":\"anotherNavJSON\\/\"}]},\"68\":{\"name\":\"ProcessRole\",\"title\":\"Roles\",\"version\":104,\"icon\":\"gears\",\"permission\":\"role-admin\",\"created\":1489306713,\"configurable\":3,\"namespace\":\"ProcessWire\\\\\",\"permanent\":true,\"useNavJSON\":true},\"47\":{\"name\":\"ProcessTemplate\",\"title\":\"Templates\",\"version\":114,\"icon\":\"cubes\",\"permission\":\"template-admin\",\"created\":1489306713,\"namespace\":\"ProcessWire\\\\\",\"permanent\":true,\"useNavJSON\":true},\"66\":{\"name\":\"ProcessUser\",\"title\":\"Users\",\"version\":107,\"icon\":\"group\",\"permission\":\"user-admin\",\"created\":1489306713,\"configurable\":\"ProcessUserConfig.php\",\"namespace\":\"ProcessWire\\\\\",\"permanent\":true,\"useNavJSON\":true},\"125\":{\"name\":\"SessionLoginThrottle\",\"title\":\"Session Login Throttle\",\"version\":102,\"autoload\":\"function\",\"singular\":true,\"created\":1489306713,\"configurable\":3,\"namespace\":\"ProcessWire\\\\\"},\"185\":{\"name\":\"FieldtypeNotifications\",\"title\":\"Notifications\",\"version\":4,\"requiresVersions\":{\"SystemNotifications\":[\">=\",0]},\"singular\":true,\"created\":1513064213,\"namespace\":\"ProcessWire\\\\\"},\"184\":{\"name\":\"SystemNotifications\",\"title\":\"System Notifications\",\"version\":12,\"icon\":\"bell\",\"installs\":[\"FieldtypeNotifications\"],\"autoload\":true,\"created\":1513064213,\"configurable\":\"SystemNotificationsConfig.php\",\"namespace\":\"ProcessWire\\\\\"},\"139\":{\"name\":\"SystemUpdater\",\"title\":\"System Updater\",\"version\":16,\"singular\":true,\"created\":1489306713,\"configurable\":3,\"namespace\":\"ProcessWire\\\\\",\"permanent\":true},\"61\":{\"name\":\"TextformatterEntities\",\"title\":\"HTML Entity Encoder (htmlspecialchars)\",\"version\":100,\"created\":1489306713,\"namespace\":\"ProcessWire\\\\\"},\"169\":{\"name\":\"CronjobDatabaseBackup\",\"title\":\"Cronjob Database Backup\",\"version\":115,\"icon\":\"database\",\"requiresVersions\":{\"LazyCron\":[\">=\",0],\"ProcessWire\":[\">=\",\"2.4.15\"]},\"permission\":\"db-backup\",\"autoload\":true,\"singular\":true,\"created\":1512991815,\"configurable\":true,\"namespace\":\"\\\\\",\"license\":\"GNU-GPLv3\",\"hreflicense\":\"http:\\/\\/www.gnu.org\\/licenses\\/gpl-3.0.html\"},\"171\":{\"name\":\"MarkupSocialShareButtons\",\"title\":\"Social Share Buttons\",\"version\":103,\"singular\":true,\"created\":1513026806,\"configurable\":true,\"namespace\":\"\\\\\"},\"170\":{\"name\":\"ProcessCustomUploadNames\",\"title\":\"Custom Upload Names\",\"version\":\"1.0.5\",\"icon\":\"edit\",\"autoload\":true,\"singular\":true,\"created\":1513025918,\"configurable\":3,\"namespace\":\"\\\\\"},\"167\":{\"name\":\"ProcessDatabaseBackups\",\"title\":\"Database Backups\",\"version\":3,\"icon\":\"database\",\"requiresVersions\":{\"ProcessWire\":[\">=\",\"2.4.15\"]},\"permission\":\"db-backup\",\"singular\":1,\"created\":1506583663,\"namespace\":\"\\\\\",\"nav\":[{\"url\":\"backup\\/\",\"label\":\"New Backup\",\"icon\":\"plus-circle\"},{\"url\":\"upload\\/\",\"label\":\"Upload\",\"icon\":\"upload\"}]},\"173\":{\"name\":\"ProcessWireUpgrade\",\"title\":\"Upgrades\",\"version\":7,\"icon\":\"coffee\",\"requiresVersions\":{\"ProcessWire\":[\">=\",\"2.5.20\"]},\"installs\":[\"ProcessWireUpgradeCheck\"],\"singular\":true,\"created\":1513037337,\"namespace\":\"\\\\\"},\"172\":{\"name\":\"ProcessWireUpgradeCheck\",\"title\":\"Upgrades Checker\",\"version\":7,\"icon\":\"coffee\",\"autoload\":\"template=admin\",\"singular\":true,\"created\":1513037326,\"configurable\":\"ProcessWireUpgradeCheck.config.php\",\"namespace\":\"\\\\\"}}', '2010-04-08 03:10:10');
INSERT INTO `caches` (`name`, `data`, `expires`) VALUES('FileCompiler__79a92df56867ace69a6a8efb91b91bc4', '{\"source\":{\"file\":\"\\/Volumes\\/Working\\/Tele2\\/tele2-web\\/site-smart\\/modules\\/VersionControl\\/PageSnapshot.module\",\"hash\":\"ccc2fcf8159f92a2e70be55b3809b6cf\",\"size\":12249,\"time\":1513028404,\"ns\":\"\\\\\"},\"target\":{\"file\":\"\\/Volumes\\/Working\\/Tele2\\/tele2-web\\/site-smart\\/assets\\/cache\\/FileCompiler\\/site-smart\\/modules\\/VersionControl\\/PageSnapshot.module\",\"hash\":\"0d6285c42aeafcfa4cafeb05b7b3fb38\",\"size\":12379,\"time\":1513028404}}', '2010-04-08 03:10:10');
INSERT INTO `caches` (`name`, `data`, `expires`) VALUES('FileCompiler__9ac942f28c0b02fe9ef56800827acf07', '{\"source\":{\"file\":\"\\/Volumes\\/Working\\/Tele2\\/tele2-web\\/site-smart\\/modules\\/VersionControl\\/ProcessVersionControl.module\",\"hash\":\"4180c73df3fbd3d951ac8a111ccdc399\",\"size\":34140,\"time\":1513028404,\"ns\":\"\\\\\"},\"target\":{\"file\":\"\\/Volumes\\/Working\\/Tele2\\/tele2-web\\/site-smart\\/assets\\/cache\\/FileCompiler\\/site-smart\\/modules\\/VersionControl\\/ProcessVersionControl.module\",\"hash\":\"cee6648a171ff734dcc550e579d34b00\",\"size\":34985,\"time\":1513028404}}', '2010-04-08 03:10:10');
INSERT INTO `caches` (`name`, `data`, `expires`) VALUES('FileCompiler__d1a9108c72398b05bb8e0737aa7ad20f', '{\"source\":{\"file\":\"\\/Volumes\\/Working\\/Tele2\\/tele2-web\\/site-smart\\/modules\\/VersionControl\\/VersionControl.module\",\"hash\":\"4860d33c6092348ef6e3a6c6882f33b7\",\"size\":80852,\"time\":1513028404,\"ns\":\"\\\\\"},\"target\":{\"file\":\"\\/Volumes\\/Working\\/Tele2\\/tele2-web\\/site-smart\\/assets\\/cache\\/FileCompiler\\/site-smart\\/modules\\/VersionControl\\/VersionControl.module\",\"hash\":\"3fedc730186e0b8c2cc4cce848b74bb0\",\"size\":82646,\"time\":1513028404}}', '2010-04-08 03:10:10');

DROP TABLE IF EXISTS `field_admin_theme`;
CREATE TABLE `field_admin_theme` (
  `pages_id` int(10) unsigned NOT NULL,
  `data` int(11) NOT NULL,
  PRIMARY KEY (`pages_id`),
  KEY `data` (`data`)
) ENGINE=MyISAM DEFAULT CHARSET=utf8;

INSERT INTO `field_admin_theme` (`pages_id`, `data`) VALUES('41', '186');

DROP TABLE IF EXISTS `field_body`;
CREATE TABLE `field_body` (
  `pages_id` int(10) unsigned NOT NULL,
  `data` mediumtext NOT NULL,
  `data1059` mediumtext,
  PRIMARY KEY (`pages_id`),
  KEY `data_exact` (`data`(250)),
  FULLTEXT KEY `data` (`data`),
  FULLTEXT KEY `data1059` (`data1059`)
) ENGINE=MyISAM DEFAULT CHARSET=utf8;

INSERT INTO `field_body` (`pages_id`, `data`, `data1059`) VALUES('1061', '<p>Current situation</p>\n\n<p>Currently used Orchard CMS installed in 2014. There is no support nor know-how from current service provider.</p>\n\n<p>Proposal</p>\n\n<p>Move Smart homepage to new CMS platform.<br />\nBusiness requirements for Smart homepage CMS</p>\n\n<h2>User view</h2>\n\n<ul><li>As a user I want to check information about Smart products and prices on a Smart homepage.</li>\n	<li>As a user I want to see Smart product pictures on Smart homepage</li>\n	<li>As a user I want to see Smart running campaigns and promo-offers/news</li>\n	<li>As a user I want to read campaign detailed info and detailed conditions</li>\n	<li>As a user I want to see biggest Smart promotions on Smart homepage frontpage (banners)</li>\n	<li>As a user I want to navigate between different sections/pages of Smart homepage via upper menu, left menu, header and footer, also to navigate to related pages (Tele2 pages, Smart selfcare pages, Smart FB page etc)</li>\n	<li>As a user I want to read information in Estonian and Russian language. As a user I want language selection to remain same when moving from/to Smart page to/from other Tele2 pages e.g Smart selfcare, Tele2 homepage, Tele2 eshop or Tele2 selfcare</li>\n	<li>As a user I want to search for specific information inside Smart pages</li>\n	<li>As a user I want to know and accept if my actions on a Smart pages are recorded (cookies)</li>\n	<li>As a user I want to see Smart page on different devices e.g smartphone, notepad, pc</li>\n</ul><h2>Product manager</h2>\n\n<ul><li>As a product manager I want to have Smart homepage with smart.tele2.ee address</li>\n	<li>As a product manager I want to have similar links as smartkaart.ee and tele2.ee/smart to be redirected to smart.tele2.ee address</li>\n	<li>As a product manager I want Smart pages to load within reasonable time (under 3 sec)</li>\n</ul><h2>2. Admin GUI</h2>\n\n<ul><li>As a product owner (further PO) I want to manage Smart homepage content and structure via admin panel / GUI.</li>\n	<li>As a PO I want admin GUI to be accessible in Tele2 internal network with user/password.</li>\n	<li>As a PO I want to have different levels of access to admin GUI</li>\n	<li>o Administrator</li>\n	<li>o Content manager</li>\n	<li>o CSR (not MVP)</li>\n</ul><p>Access levels description:</p>\n\n<ul><li> Administrator  can manage GUI users (add new, manage accesses, remove), can manage web structure incl header/footer, can add new templates and page elements, can manage CSS, can add scripts across all Smart pages (GA scripts and alike), have all access that content manager and CSR have, can view logs</li>\n	<li> Content manager  can add new pages, manage content of existing pages and remove/archive pages, can upload images, can update/change navigation menu</li>\n	<li> CSR  can change content on existing pages (e.g fix links and spelling errors).</li>\n</ul><ul><li>As a PO I want to have GUI content change logs, so it would be possible to track who did what changes in the CMS.</li>\n	<li>As a PO I want to have internal search functionality for Smart content pages. (? What requirements needed here, usually it\'s built-in module)</li>\n	<li>As a PO I want Smart page to be in accordance with data protection law (cookie policy etc)</li>\n	<li>As a PO I want Smart page to be responsive (not MVP, will require redesign).</li>\n	<li>As a content manager I want to create new pages based on available templates: simple content page and campaign page</li>\n	<li>As a content manager I want to manage existing pages (content pages, campaign pages, campaign list page, frontpage or other templates).</li>\n	<li>As a content manager I want to add/change/delete content in a simple way without risk of breaking all Smart homepage nor bigger programming skills needs.</li>\n	<li>As a content manager if needed I should be able to add scripts on concrete page and do other changes in page html.</li>\n	<li>As a content manager I want to create duplicates of existing pages e.g for different language version or for faster new page creation.</li>\n	<li>As a content manager I want to set page title, page URL, page text and other page parameters and objects. For campaign pages I want to set additionally campaign pictures, campaign short intro and campaign order/priority. For front page I want to set banners and banner URL\'s. (Front page should be redesigned)</li>\n	<li>As a content manager I want to set page meta titles, description, canonical URL, tags and other SEO parameters.</li>\n	<li>As a content manager I want to have versions of content I created with timestamp and index for each version of each content page. As a content manager I should be able to change what version of content page is active e.g I should be able to roll-back to previous version(s).</li>\n	<li>As a content manages I want to select when content is published  there should be possibility to save content without publishing, preview content, publish in real time and publish with future date &amp; time specified.</li>\n	<li>As a content manager I want to add pictures or other files (videos?) to pages. Pictures are uploaded to CMS media folder before from local machine. It should be possible to create folder structure  product pictures, campaign pictures, banners, thumbnails etc. For front-page videos, banners and campaign pictures, thumbnails should be automatically generated by system.</li>\n	<li>As a content manager I want to delete pages. Deleted pages should go to recycle bin from where they can be restored if needed. No content page is actually permanently deleted.</li>\n	<li>As a content manager I want to navigate easily to content page or be able to search for page in admin GUI via navigation menu or internal search. In such navigation tree I should see title of a page, page template type, id , version, state, publish timestamp, created and last modified by, language version and other version. Also it should be possible to navigate to that page fast, publish/unpublish, duplicate or delete.</li>\n</ul><p>As a content manager I want to add new pages or blocks to site menu, manage menu tree or remove old pages or blocks from menu tree.</p>\n\n<p>On a Smart page there are upper menu (1st level) and left menu (2nd level) and sub-menus in left menu (3rd level or more). It is possible to change menu with drag-and-drop method. Select what kind of class menu item is (leads to internal page, external page, has text, picture etc). Menu Item parameters are set by its class (e.g external link will have text and destination address, internal link will have text and content page ID).</p>\n\n<ul><li>As an administrator I can add new GUI users and assign access role to them. As an administrator I can update existing users profile or delete users.</li>\n	<li>As an administrator I can manage global Smart pages structure  header, background picture, footer, CSS</li>\n	<li>As an administrator I can create/add new templates for pages (e.g landing pages with different structure or different CSS).</li>\n	<li>As an administrator I can add/remove language versions (e.g add eng version possibility).</li>\n	<li>As an administrator I can add global scripts to all Smart pages (like GTM script)</li>\n	<li>As an administrator I can view logs (what should be in logs? IP, user, timestamp, action, changed content old/new, access details like browser version etc?)</li>\n</ul><p>3. Integrations, external sources and scripts</p>\n\n<p>On page http://smart.tele2.ee/hinnad/koned-valismaal roaming pricelist is taken from internal DB (teletark/intra &gt; https://teletark.tele2.ee/index.php?pi=kkroam). Roaming prices are not changed very often and there is a possibility to push updates to a homepage on demand.</p>\n\n<p>Smart CMS pages should have GTM and Google Optimize scripts (all other will go via GTM).</p>\n\n<p>Smart language selection should be forwarded when navigating to other Tele2 pages  Smart selfcare, Tele2 homepage, selfcare and e-shop.</p>', '');

DROP TABLE IF EXISTS `field_content`;
CREATE TABLE `field_content` (
  `pages_id` int(10) unsigned NOT NULL,
  `data` mediumtext NOT NULL,
  `data1059` mediumtext,
  PRIMARY KEY (`pages_id`),
  KEY `data_exact` (`data`(250)),
  FULLTEXT KEY `data` (`data`),
  FULLTEXT KEY `data1059` (`data1059`)
) ENGINE=MyISAM DEFAULT CHARSET=utf8;

INSERT INTO `field_content` (`pages_id`, `data`, `data1059`) VALUES('1', '', '');
INSERT INTO `field_content` (`pages_id`, `data`, `data1059`) VALUES('1041', '<p>Siia peaks lisama API kaudu vormi:https://minusmart.tele2.ee/Refill</p>', NULL);
INSERT INTO `field_content` (`pages_id`, `data`, `data1059`) VALUES('1047', '<p>Pangakontolt kneaja laadimisel sisesta oma knekaardi numberviitenumbri reale ja makse selgitusse.</p>\n\n<h4>LAADIMINE PSIKORRALDUSEGA</h4>\n\n<p>Seadista internetipangas psimaksekorraldus, mis automaatselt laeb sinu poolt mratud peval knekaardile soovitud summa eest kneaega.</p>\n\n<p><strong>Kui oled Swedbanki klient, slmi psimaksekorraldus nii:</strong></p>\n\n<p>Makse saaja: Tele2 Eesti AS<br />\nArvelduskonto number: EE862200221019220799<br />\nViitenumber: sinuSmart knekaardi number<br />\nMakse selgitus: sinu tekst ja Smart knekaardi number</p>\n\n<p><strong>Kui oled SEB klient, slmi psimaksekorraldus nii:</strong></p>\n\n<p>Makse saaja: Tele2 Eesti AS<br />\nArvelduskonto number: EE581010000001395018<br />\nViitenumber:sinuSmartknekaardi number<br />\nMakse selgitus: sinu tekst ja Smart knekaardi number</p>\n\n<p><strong>Kui oled Danske Banki klient, slmi psimaksekorraldus nii:</strong></p>\n\n<p>Makse saaja: Tele2 Eesti AS<br />\nArvelduskonto number: EE363300332054090006<br />\nViitenumber:sinuSmartknekaardi number<br />\nMakse selgitus: sinu tekst ja Smart knekaardi number</p>\n\n<h4>LAADIMINE PANGAAUTOMAADIST</h4>\n\n<p>Pangaautomaadist laadimiseks peab sul olema konto Swedbankis vi SEB pangas.</p>\n\n<p><strong>Swedbanki pangaautomaadis toimi nii:</strong></p>\n\n<ul><li>Sisesta pangaautomaati oma pangakaart ja sisesta PIN-kood</li>\n	<li>Vali menst Maksed -&gt; \"Telefonimaksed\" -&gt; \"Smart/Tele2 kneaeg\"</li>\n	<li>Sisesta oma knekaardi number</li>\n	<li>Sisesta laetav summa ja kinnita makse</li>\n	<li>Kneaja laadimise kohta saabub teavitav SMS</li>\n</ul><p><strong>SEB pangaautomaadis toimi nii:</strong></p>\n\n<ul><li>Sisesta pangaautomaati oma pangakaart ja sisesta PIN kood</li>\n	<li>Vali menst \"Muud teenused\" -&gt; Kneaja laadimine -&gt; \"Smart\"</li>\n	<li>Sisesta oma knekaardi number</li>\n	<li>Sisesta laetav summa ja kinnita makse</li>\n	<li>Kneaja laadimise kohta saabub teavitav SMS</li>\n</ul>', NULL);
INSERT INTO `field_content` (`pages_id`, `data`, `data1059`) VALUES('1043', '<table border=\"1\"><thead><tr><th>Teenus</th>\n			<th>Hind</th>\n		</tr></thead><tbody><tr><td>Kned Tele2 mobiilvrku (sh knekaardi kliendile)</td>\n			<td>0,04 /min</td>\n		</tr><tr><td>Kned teistesse Eesti mobiilvrkudesse ja lauatelefonidele (v.a eritariifsed numbrid ja vrgud)</td>\n			<td>0,04 /min</td>\n		</tr><tr><td>SMS Eesti mobiilvrkudesse (v.a eritariifsed numbrid)</td>\n			<td>0,04 /SMS</td>\n		</tr><tr><td>MMS</td>\n			<td>0,09 /MMS</td>\n		</tr><tr><td>Kneaja jgi pring *245#</td>\n			<td>0,05 </td>\n		</tr><tr><td>Mobiilne internet</td>\n			<td>0,04 /MB</td>\n		</tr></tbody></table><p>Hinnad kehtivad alates 01.02.2015 Smart knekaardi aktiveerinud klientidele ning klientidele, kes on tellinud Smart Baaspaketi. Kikidele teistele Smart knekaardi klientidele kehtib Revolutsiooni<a href=\"http://smart.tele2.ee/hinnad/vanad-hinnaplaanid/revolutsioon\">baaspakett</a>(aktiveeritud alates 12.12.2012 kuni 31.01.2015) vi vanad<a href=\"http://smart.tele2.ee/hinnad/vanad-hinnaplaanid/tavahinnad\">tavahinnad</a>(aktiveeritud enne 12.12.2012).</p>\n\n<p>Interneti kasutamise alustamisel alates 1kb mahu titmist rakendub hind 0,04/MB. Internetti on vimalik kasutada maksimaalse kiirusega, mis vrgus saadaval on. Soodsamaks internetis surfamiseks vali endale sobilik<a href=\"http://smart.tele2.ee/hinnad/internet-mobiilis\">interneti pakett</a>.</p>\n\n<p>Kneminut Top Connecti, World Mobile\'i ja Global Mobile Solutionsi mobiili- ja mittegeograafilistele numbritele ja Telefanti vrku maksab 0,75 minut.</p>\n\n<p>Hinnad sisaldavad kibemaksu.</p>\n\n<p>Phipaketi juurde saad valida ka kige sobivama<a href=\"http://smart.tele2.ee/hinnad/paketid\">sooduspaketi</a>ja<a href=\"http://smart.tele2.ee/hinnad/koned-valismaale\">Rahvusvahelise paketi</a>.</p>\n\n<p>Vlismaal helistamise hindadega tutvu<a href=\"http://smart.tele2.ee/hinnad/koned-valismaal\">siin</a>.</p>\n\n<h4>MUUD TINGIMUSED JA SELGITUSED</h4>\n\n<ul><li>Uutel Smardi knekaartidel on vaikimisi aktiveeritud Baaspakett.</li>\n	<li>Baaspakett jb tellides psivalt kehtima.</li>\n	<li>Tellides Baaspaketi, ei saa enam kasutada Revolutsiooni baaspaketti ega vanu laadimisphiseid tariife: tavahinnad ja Tele2 tasuta.</li>\n</ul><p>Tele2 jtab endale iguse muuta kneaja hindu ja knekaardi kasutamise tingimusi. Tutvu knekaardi kasutamise tingimustega<a href=\"http://smart.tele2.ee/mis-on-smart/konekaardi-yldtingimused\">siin</a>.</p>', NULL);
INSERT INTO `field_content` (`pages_id`, `data`, `data1059`) VALUES('1027', '<p>Kige lihtsam viis kneaja laadimiseks on Smardi iseteeniduses. Kuid on ka teisi vimalusi. Kasuta neist omale kige sobivamat. Kindlasti pea aga meeles, et knekaardi kasutusaja pikendamiseks, peab laetav summa olema vhemalt 2 .</p>\n\n<h4>KEHTIVUSE JA KNEAJA JGI KONTROLL</h4>\n\n<ul><li>sisesta kood *245# ja helista</li>\n	<li>kehtivusaeg ja kneaja jk kuvatakse sinu mobiiltelefoni ekraanile</li>\n</ul><p>Kneaja jki saad tasuta vaadata<a href=\"https://minusmart.tele2.ee/Login\">Smardi iseteenindusest</a></p>\n\n<h4>KNEAEGA SAAD LAADIDA</h4>\n\n<ul><li>Internetipangast</li>\n	<li>Pangakontolt</li>\n	<li>Mobiiltelefonilt</li>\n	<li>Teenus \"Laadi mind\"</li>\n	<li>Laadimiskaardiga</li>\n</ul>', NULL);
INSERT INTO `field_content` (`pages_id`, `data`, `data1059`) VALUES('1048', '<p>Smart knekaarti saab laadida Tele2 lepinguliselt vi teiselt Smart knekaardi numbrilt<strong>SMSi lhinumbrile 95004</strong>abil.</p>\n\n<ul><li>\n	<p>Lepingulise kliendi puhul lisatakse laaditav summa igakuisele arvele</p>\n	</li>\n	<li>Knekaardi kasutaja puhul arveldatakse laaditav summa tellija knekaardilt maha</li>\n</ul><p>Summa kandmine knekaardi numbrile toimub 5 minuti jooksul.</p>\n\n<h5>MOBIILSE LAADIMISE PP NUTITELEFONIDELE ANDROID OPERATSIOONISSTEEMIGA</h5>\n\n<p>Ndsest on Smart knekaardi laadimine veelgi lihtsam! Tmba oma nutitelefoni mobiilse laadimise pp ning laadi raha mne klikiga. Lihtsalt vali laadimise summa, telefoninumber ja laadimise periood ning saada taotlus titmiseks!</p>\n\n<p>Tasuta rakenduse saad alla tmmata<a href=\"https://play.google.com/store/apps/details?id=lt.ito.smart_refill\">siit</a>!</p>\n\n<h4>LAE RAHA MOBIILIGA JA SAAD KNEAEGA KINGITUSEKS!</h4>\n\n<p>Lisaks nii heale uudisele on lisaks veel teine, veelgi parem uudis. Nimelt, kik kes tellivad perioodilise laadimise oma knekaardile lepingulise kliendi numbrilt alates 8 eurost, saavad laetud summale 10% kneaega lisaks. Pakkumine kehtib kuni 31.12.2017.</p>\n\n<h4>LAADIMISE LIMIIDID</h4>\n\n<ul><li>hekordselt saab laadida summa vahemikus 1-30 </li>\n	<li>Lepinguliselt ja knekaardi numbrilt saab kuu jooksul laadida teisele knekaardile maksimaalselt 30 </li>\n	<li>hele knekaardile saab kuu jooksul laadida erinevatelt numbritelt maksimaalselt 100 </li>\n</ul><p>he kuu perioodiks arvestatakse 30 peva.</p>\n\n<p>Laadimine lepinguliselt mobiiltelefoninumbrilt pikendab knekaardi kehtivust. Saldot saab kasutada jrgnevad 180 peva ja knedele vastata 210 peva. helt knekaardilt teisele knekaardile raha laadimine ei pikenda laaditatava knekaardi kehtivust.</p>\n\n<h4>KUIDAS LAADIDA MOBIILTELEFONILT?</h4>\n\n<p>Laadimise teostamiseks tuleb edastada jrgnevad andmed:</p>\n\n<ul><li>laaditav summa (eurodes)</li>\n	<li>Smart knekaardi number (sh Internetikaardid)</li>\n	<li>laadimise periood (valikus hekordne laadimine ning psikorraldus igandalase ja igakuise perioodilise laadimisega)</li>\n</ul><p>Laadimise tellimiseks tuleb saata SMS lhinumbrile<strong>95004</strong>(snumi hind 0,04 ).</p>\n\n<h4>SNUMITE SISU</h4>\n\n<p>hekordne laadimine:<strong>S 5XXXXXXX</strong><br />\nIgandalane laadimine:<strong>S 5XXXXXXX N</strong><br />\nIgakuine laadimine:<strong>S 5XXXXXXX K</strong></p>\n\n<p><strong>S</strong> laadimise summa vahemikus 1-30 eurot (numbrid eraldada koma vi tpiga, nt: 1,6  vi 3.2 , arvestatakse esimesed 2 thtemrki peale koma)<br /><strong>5XXXXXXX</strong> Smart knekaardi number, kuhu soovid raha laadida<br /><strong>N, K</strong> laadimise periood (<strong>N</strong>- ndal;<strong>K</strong>- kuu)</p>\n\n<p>Snumi saatmisel tuleb tellijale kinnitus, et laadimine on vastu vetud ja seda teostatakse 5 minuti jooksul. Igale laadimise tellimusele omistatakse unikaalne number (ID).</p>\n\n<p>Kui laadimine on tehtud, saab snumi saatja kinnituse, et raha on kantud knekaardi numbrile. Samuti saab knekaardi kasutaja teavituse, et talle on tehtud lekanne.</p>\n\n<p><strong>Lisaks:</strong>hekordse laadimise snumi saab saata koos kasutaja tekstiga: S 5XXXXXXX tekst. Sellisel juhul saab knekaardi kasutaja teavituse asemel saatja lisatud teksti. Saatja tekst peab olema kirjutatud ladina thestikus, vastasel juhul knekaardi number ei saa seda lugeda.</p>\n\n<p>Kasutaja teksti lisamine perioodilise tellimuse juurde muudab selle hekordseks tellimuseks.</p>\n\n<p><em>Niteks: kirjutades snumi sisuga S 5XXXXXXX N tekst, teostatakse hekordne lekanne, kus laaditav knekaart saab snumiks N ja teksti.</em></p>\n\n<h4>LAADIMISE LIMIIDI TOIMIMINE</h4>\n\n<p>Juhul kui kasutaja limiit saab tis, siis ei saa tellida hekordseid ega perioodilisi laadimisi. Laadimist ei toestata kui limiit ei ole veel tis, aga tellitav summa letab limiidi.</p>\n\n<h4>LAADIMISE THISTAMINE</h4>\n\n<p>Juhul kui kogemata sisestatakse vale knekaardi number ja soovitakse laadimist peatada, tuleb laadimise thistamiseks saata 5 minuti jooksul peale laadimise tellimist SMS sisuga STOP ID lhinumbrile<strong>95004</strong>(hind 0,04 ). Nt: STOP 23.</p>\n\n<p>Kui on soov peatada kik laadimised, tuleb saata SMS sisuga STOP lhinumbrile<strong>95004</strong>(hind 0,04 ).</p>\n\n<p>Kui on soov peatada kik laadimised kindlalt numbrilt, tueb saata SMS sisuga STOP 5XXXXXXX lhinumbrile<strong>95004</strong>(hind 0,04 ).</p>\n\n<h4>LAADIMISE INFO</h4>\n\n<p>Laadimise kohta on vimalik saada informatsiooni SMSi teel saates vastav koodsna numbrile<strong>95004</strong>(hind 0,04 ):</p>\n\n<table border=\"0\"><tbody><tr><td>Informatsioon</td>\n			<td>Koodsna</td>\n		</tr><tr><td>Ootel olevad laadimised</td>\n			<td>SUMMA</td>\n		</tr><tr><td>Viimased teostatud laadimised (kuni 5 tk)</td>\n			<td>VL</td>\n		</tr><tr><td>Aktiivsed laadimised psikorraldusega</td>\n			<td>PYSIK</td>\n		</tr><tr><td>Lhiinfo ja juhend laadimise tellimiseks</td>\n			<td>INFO</td>\n		</tr></tbody></table><p>Saldo ja knekaardi kehtivust saab kontrollida valides *245# (pringu hind 0,05 ) vi Smart iseteeninduses.</p>', NULL);
INSERT INTO `field_content` (`pages_id`, `data`, `data1059`) VALUES('1049', '<p>Nd on Smardile raha laadimine veelgi mugavam! Lisaks sellele, et raha saab mobiililt Smardile laadida, on vimalik ka Smart knekaardi kasutajal paluda laadimist teiselt Smart kaardilt vi Tele2 lepinguliselt numbrilt. Laadimist saab ksida nii hekordse kui ka perioodilise lekandena. Vaata detaile!</p>\n\n<h4>KUIDAS PALUDA LAADIMIST TEISELT NUMBRILT?</h4>\n\n<p>Selleks, et laadimist paluda teiselt Smart vi Tele2 lepinguliselt mobiilinumbrilt, tuleb saata snum numbrile<strong>95004</strong>. Snumi hind on 0,04 . Snumi sees tuleb mrata:</p>\n\n<ul><li>Tellimise koodsna<strong>PALUN</strong></li>\n	<li>Laaditav summa (eurodes)</li>\n	<li>Smart knekaardi vi Tele2 lepinguline mobiilinumber (ehk Sponsor)</li>\n	<li>Laadimise periood (hekordne laadimine vi psikorraldus igandalase ja igakuise perioodilise laadimisega)</li>\n</ul><p><strong>Snumite sisu:</strong></p>\n\n<p>PALUN S 5XXXXXXX<br />\nPALUN S 5XXXXXXX N<br />\nPALUN S 5XXXXXXX K</p>\n\n<p>PALUN raha ksimise koodsna<br />\nS  soovitav laadimise summa vahemikus 1-30 eur (numbrid koma vi tpiga, nt 1,6 eur vi 3.2 eur, arvestatakse ainult esimesed 2 kohta peale koma)<br />\n5XXXXXXX  Smart knekaardi vi Tele2 lepinguline mobiilinumber, kellelt soovid laadimist ksida<br />\nN, K  psiva laadimise periood</p>\n\n<h5>MOBIILSE LAADIMISE PP NUTITELEFONIDELE ANDROID OPERATSIOONISSTEEMIGA</h5>\n\n<p>Ndsest on Smart knekaardi laadimine veelgi lihtsam! Tmba oma nutitelefoni mobiilse laadimise pp ning laadi raha mne klikiga. Lihtsalt vali laadimise summa, telefoninumber ja laadimise periood ning saada taotlus titmiseks!</p>\n\n<p>Tasuta rakenduse saad alla tmmata<a href=\"https://play.google.com/store/apps/details?id=lt.ito.smart_refill\">siit</a>!</p>\n\n<h4>TAOTLUSE KINNITAMINE</h4>\n\n<p>Snumi saatmisel tuleb numbrile, mille mrasid snumi sees (taoltluse saajale), SMS-teavitus, milles palutakse tal kinnitada lekanne sinu Smart numbrile. Igale lekandele mratakse oma unikaalne number (ID). Taotlus tuleb kinnitada 5 minuti jooksul peale selle edastamist. Vastasel juhul taotlus thistatakse.</p>\n\n<p>Kinnitamiseks peab taotluse saaja saatma snumi numbrile<strong>95004</strong>, snumi hind 0,04  + lekande summa. Snumi sisuks<strong>KINNITAN ID</strong></p>\n\n<p>KINNITAN  laadimise kinnitamise koodsna<br />\nID  laadimise taotluse unikaalne number</p>\n\n<p>Kinnitamise edastamisel toimib lekanne sinu numbrile koheselt. Raha lekandmisest teavitatakse mlemaid osapooli SMS-teavitusega.</p>\n\n<p><em>Nide:</em></p>\n\n<p><em>Laadimise taotleja number 58123456<br />\nTaotluse saaja number 5505000</em></p>\n\n<p><em>Taotleja saadab SMSi numbrile 95004 sisuga:<br /><strong>PALUN 5 5505000</strong></em></p>\n\n<p><em>Taotluse saajale saadetakse jrgnev teavitus:<br />\nNumber 58123456 edastas sulle laadimise taotluse summas 5 eur. Laadimist 2385 saab kinnitada 5 minuti jooksul. Nustumiseks saada KINNITAN 2385 numbrile 95004. Kui kinnitust ei saadeta 5 minuti jooksul, laadimise taotlus thistatakse.</em></p>\n\n<p><em>(2385 on laadimise ID)</em></p>\n\n<p><em>Taotluse saaja saadab SMS numbrile 95004 sisuga:<br /><strong>KINNITAN 2385</strong></em></p>\n\n<p><em>Laadimise taotlejale saadetakse SMS-teavitus:<br /><strong>Number 5505000 kinnitas sinu laadimise taotluse 2385</strong></em></p>\n\n<p><em>Taotluse saajale saadetakse taevitus:<br /><strong>Laadimise taotlus 2385 numbrilt 58123456 on kinnitatud</strong></em></p>\n\n<h4>TAOTLUSE THISTAMINE</h4>\n\n<p>Juhul kui taotluse saaja ei soovi taotlust kinnitada, siis tuleb antud taotlus lihtsalt ootele jtta. Snumis mratud perioodi mdumisel taotlus thistatakse automaatselt.<br />\nTaotluse saab peatada ka ksitsi, kui saata SMS sisuga<strong>STOP ID</strong>numbrile<strong>95004</strong></p>\n\n<p>STOP  taotluse peatamise koodsna<br />\nID  laadimise taotluse unikaalne number</p>\n\n<p><em>Nide:</em></p>\n\n<p><em>STOP 2385</em></p>\n\n<h4>LISAINFO JA MUUD TINGIMUSED</h4>\n\n<ul><li>Snumi teel laadimise taotlemisel kehtivad samad lekande reeglid (sh limiidid) kui mobiiliga laadimisel</li>\n	<li>Snumi teel laadimise taotlemisel toimib arveldus samalaadselt mobiiliga laadimisele: lepingulise numbri puhul lisatakse lekande summa igakuisele arvele, knekaardi puhul arveldatakse summa saldost maha.</li>\n	<li><strong>Eripakkumine!</strong>Lepinguliselt numbrilt perioodilisel laadimisel summas alates 8  ja rohkem, laetakse 10% suurem summa. Pakkumine kehtib kuni 31.12.2017.</li>\n	<li>Juhul kui knekaardi kasutaja kuritarvitab taotluse esitamise teenust (saadab massiliselt pringuid), on Tele2-l igus kaart sulgeda</li>\n</ul><p>Saldo ja knekaardi kehtivust saab kontrollida valides *245# (pringu hind 0,05 ) vi Smart iseteeninduses tasuta.</p>', NULL);
INSERT INTO `field_content` (`pages_id`, `data`, `data1059`) VALUES('1050', '<p>Osta laadimiskaart lhimast kioskist, tanklast, supermarketist, Tele2 esindusest vi Eesti Posti postkontorist le Eesti. Valida saad erinevate laadimiskaartide vahel:</p>\n\n<ul><li>Elektroonilised laadimiskaardid vrtustega<br /><strong>2, 4, 6, 8, 10, 12, 14 ning 16</strong></li>\n	<li>Kraapekaardid vrtusega<br /><strong>4, 10 ning 16.</strong></li>\n</ul><h3>KUIDAS KASUTADA LAADIMISKAARTI?</h3>\n\n<p>Kraapekaardi laadimiseks kraabi vlja laadimiskaardil olev 13-kohaline peidetud laadimiskood, vali<strong>*147*laadimiskood#</strong>ning helista.</p>\n\n<p>Elektroonilisel laadimiskaardil on kood trkitudostutekile peale, lihtsalt vali<strong>*147*laadimiskood#</strong>ning helista</p>\n\n<p>Kneaja laekumisel kuvatakse laetud summa telefoni ekraanile.</p>\n\n<p>Elektroonilised laadimiskaardid on mgil Tele2 esindustes, Circle K ja Olerex teenindusjaamades, Comarketis, Maxima kauplustes, R-Kioskites, Eesti Posti postkontorites ja teistes hstivarustatud mgikohtades.</p>\n\n<h5>MOBIILSE LAADIMISE PP NUTITELEFONIDELE ANDROID OPERATSIOONISSTEEMIGA</h5>\n\n<p>Ndsest on Smart knekaardi laadimine veelgi lihtsam! Tmba oma nutitelefoni mobiilse laadimise pp ning laadi raha mne klikiga. Lihtsalt sisesta laadimiskood ning saada taotlus titmiseks. Nii lihtne see ongi!</p>\n\n<p>Tasuta rakenduse saad alla tmmata<a href=\"https://play.google.com/store/apps/details?id=lt.ito.smart_refill\">siit</a>!</p>', NULL);
INSERT INTO `field_content` (`pages_id`, `data`, `data1059`) VALUES('1045', '<p>Alates 22.03.2013 on snumi kohaletoimetamise teavituse edastamine tasuline. Snumi kohaletoimetamise raporti maksumus on 0,01  SMS-i kohta.</p>\n\n<p>Snumi kohaletoimetamise raporti maksumust arvestatakse sooduspaketi soodustuste hulka. See thendab, et sooduspakettide Smart 2,99 vi Smart 6,99 puhul on kohaletoimetamise raport tasuta.</p>\n\n<p>Antud teenuse sisse vi vlja llitamiseks vali telefoni menst Snumite seadete alt \"Edastusraporti\" optsioon.</p>', NULL);
INSERT INTO `field_content` (`pages_id`, `data`, `data1059`) VALUES('1051', '<p>Kikide pakettide tellimine Smart knekaardile kib mugavalt snumite abil. Lihtsalt vali baashinnale lisaks kige sobivam knepakett ning saada vastav mrksna numbrile 95002. Paketi kehtivus on 30 peva.</p>\n\n<table border=\"1\"><thead><tr><th>Paketi nimi</th>\n			<th>Sisaldab</th>\n			<th>Mrksna</th>\n			<th>Paketi hind</th>\n		</tr></thead><tbody><tr><td><strong>SMART 2,99</strong></td>\n			<td>1000 minutit igasse vrku + 100 SMSi igasse vrku</td>\n			<td><strong>299</strong></td>\n			<td>2,99 </td>\n		</tr><tr><td><strong>SMART 6,99</strong></td>\n			<td>1000 minutit igasse vrku +1000 SMSi igasse vrku + 2 GB</td>\n			<td><strong>699</strong></td>\n			<td>6,99 </td>\n		</tr></tbody></table><p>Paketi hind arvestataksemahaknekaardi kneaja jgist. Paketi aktiveerimisest teavitatakse SMSi teel. Hinnad on esitatud seisuga 7.03.2017 ning sisaldavad kibemaksu.</p>\n\n<p>Knepakette saab kige mugavamalt tellida Smardi<a href=\"https://minusmart.tele2.ee/Login\">iseteenindusest</a>.</p>\n\n<h4>KNEPAKETTIDE TINGIMUSED</h4>\n\n<ul><li>Knepakette saavad tellida kik Smart knekaardi kasutajad (paketid ei kehti Tele2 ettemaksuga internetikaardi egaTele2 knekaardi kasutajatele).</li>\n	<li>Smart 2,99 knepakett sisaldab sideteenust, mille kuutasu sisse arvestatakse 1000 minutit kneaega Eesti mobiil- ja lauatelefoni vrkudesse (v.a eritariifsed vrgud ja numbrid) ning 100 SMS-i Eesti mobiilvrkudesse (v.a eritariifsed numbrid).</li>\n	<li>Smart 6,99 knepakett sisaldab sideteenust, mille kuutasu sisse arvestatakse 1000 minutit kneaega Eesti mobiil- ja lauatelefoni vrkudesse (v.a eritariifsed vrgud ja numbrid) 1000 SMS-i Eesti mobiilvrkudesse (v.a eritariifsed numbrid) ning 2GB andmemahtu.</li>\n	<li>Smart knepaketid kehtivad 30 peva jooksul peale tellimist vi kuni hikuid jtkub. Knepakettide kehtivuse vi hikute lppedes jvad kehtima<a href=\"http://smart.tele2.ee/hinnad\" title=\"Baashind\">baashinnad</a>.</li>\n	<li>Knede kestvust mdetakse 60-sekundilise tpsusega (nt kne kestvusega 25 sekundit vrdub 1 minutiga), liitsnumite puhul vrdub iga snumi osa he hikuga.</li>\n	<li>Korraga saab aktiivne olla ainult ks knepakett. Kui tellida mitu knepaketti jrjest, siis paketiga kaasnevad hikud uuendatakse, paketi kehtivus arvestatakse viimase tellimuse jrgi.<br /><em>Nide: tellides jrjest Smart 2,99 ja seejrel Smart 6,99, jb hikute lpp-saldoks 1000 minutit, 1000 SMSi ja 2GB.Soodustus kestab 30 peva, tellimuste hind kokku 9,98.</em></li>\n	<li>Knepakettidele saab juurde aktiveerida internetipakette, rahvusvaheliste knede pakette, tudengi pakkumisi, laadimispaketti Tele2 vrku tasuta vi jrelmaksu soodustust. Sel juhul knepakettide ja teiste pakettide soodustused kehtivad ksteisest sltumata.</li>\n	<li>Knekaardil olevaid soodushikuid ei vahetata rahaks.</li>\n	<li>Knepakettide soodustust ei saa kasutada vlismaal. Teenuse kasutamisel vlismaal toimub tasumine vastavalt<em>roaming</em>- ehk rndlusteenuse hinnakirjale.</li>\n	<li>Ebamistlikul kasutamisel on Tele2-l igus kaart sulgeda.</li>\n	<li>Tellitud knepakettide puhul jvad kehtima kik Smart knekaardi ja Tele2 teenuste kasutamise tingimused.</li>\n	<li>Tele2-l on igus muuta pakettide hinnakirja ja tingimusi, teavitades sellest kliente kodulehe<a href=\"http://www.smartkaart.ee/\" title=\"Smart knekaardi koduleht\">http://www.smartkaart.ee/</a>vahendusel.</li>\n</ul><p>Sooduspaketi kehtivust saab kige mugavamalt kontrollida Smart-i<a href=\"https://minusmart.tele2.ee/Login\" title=\"Minu Smart\">iseteenindusest</a>.</p>\n\n<p>Valides telefonist *245# ja tegutsedes vastavalt automaatsetele juhistele saab kontrollida nii saldojki, sooduspaketi kehtivust kui ka hikute jki (pringu hind 0,05).</p>', NULL);
INSERT INTO `field_content` (`pages_id`, `data`, `data1059`) VALUES('1052', '<p>Vali omale kige sobivam internetipakett ning kasuta kige soodsamat knekaardiga pakutavat kiiruspiiranguta netti. Paketi tellimiseks saada sms vastava mrksnaga lhinumbrile<strong>95002</strong>.</p>\n\n<table border=\"1\"><thead><tr><th>Paketi nimi</th>\n			<th>Sisaldab</th>\n			<th>Kehtivus</th>\n			<th>Mrksna</th>\n			<th>Hind</th>\n		</tr></thead><tbody><tr><td><strong>24h pakett 500 MB</strong></td>\n			<td>500 MB</td>\n			<td>24 tundi</td>\n			<td><strong>DATA500</strong></td>\n			<td>0,99 </td>\n		</tr><tr><td><strong>Kuupakett 1GB</strong></td>\n			<td>1 GB</td>\n			<td>30 peva</td>\n			<td><strong>DATA1GB</strong></td>\n			<td>1,99 </td>\n		</tr><tr><td><strong>Kuupakett 5GB</strong></td>\n			<td>5 GB</td>\n			<td>30 peva</td>\n			<td><strong>DATA5GB</strong></td>\n			<td>4,99 </td>\n		</tr></tbody></table><p>Paketi hind arvestatakse maha knekaardi kneaja jgist. Sobivat paketti saab tellida mugavalt ka Smardi<a href=\"http://minusmart.tele2.ee/Login\">iseteenindusest</a>.</p>\n\n<p>Kikidel Smart mobiilse interneti pakettidel on<strong>4G</strong>vimekus lisatasuta. 4G internetiga on vimalik kasutada maksimaalset kiirust, mis vrgus saadaval on. Loe lhemalt 4G kohta<a href=\"http://smart.tele2.ee/mis-on-smart/4G\">siin</a>.</p>\n\n<h4>INTERNETIPAKETTIDE TINGIMUSED</h4>\n\n<ul><li>Kik Smart knekaardi kasutajad saavad tellida internetipakette 24h paketti 500MB, Kuupaketti 1GB ja Kuupaketti 5GB (paketid ei kehti Tele2 ettemaksuga internetikaardi ega Tele2 knekaardi kasutajatele).</li>\n	<li>Korraga saab aktiivne olla ainult ks internetipakett. Kui tellida mitu internetipaketti jrjest, siis jb kehtima ainult viimasena tehtud tellimus.<br /><em>Nide: tellides jrjest 5GB kuupaketti ja seejrel 24h paketti 500MB, jb kehtima viimasena aktiveeritud pakett  500MB ja pakett kestab 24 tundi. Tellimuste hind kokku 5,98.</em></li>\n	<li>Internetipakette saab kasutada koos knepakettidega Smart 2,99 ja Smart 6,99. Sel juhul kasutatakse esmasena knepaketi andmemaht ning seejrel internetipaketi andmemaht.</li>\n	<li>Internetipakettidele saab juurde aktiveerida rahvusvaheliste knede pakette, laadimispaketti Tele2 vrku tasuta vi jrelmaksu soodustust. Sel juhul internetipakettide ja teiste pakettide soodustused kehtivad ksteisest sltumata.</li>\n	<li>Internetipakettide, korduvate internetipakettide ja tudengi interneti soodustus ei kehti samaaegselt. Tellides need paketid jrjest, jb kehtima ainult viimasena tehtud tellimus.</li>\n	<li>Internetipaketi kehtivuse vi andmemahu lppedes kehtib<a href=\"http://smart.tele2.ee/hinnad\" title=\"Baashind\">baashind</a>.</li>\n	<li>Smart internetipaketis olevaid hikuid ei vahetata kneajaks ega rahaks.</li>\n	<li>Internetipakette ei saa kasutada vlismaal. Andmeside teenuse kasutamisel vlismaal toimub tasumine vastavalt<em>roaming-</em>ehk rndlusteenuse hinnakirjale.</li>\n	<li>Tellitud internetipakettide puhul jvad kehtima kik Smart knekaardi ja Tele2 teenuste kasutamise tingimused.</li>\n	<li>Tele2-l on igus muuta pakettide hinnakirja ja tingimusi, teavitades sellest kliente kodulehe<a href=\"http://www.smartkaart.ee/\" title=\"Smart knekaardi koduleht\">http://www.smartkaart.ee/</a>vahendusel.</li>\n</ul><p>Internetipaketi hikute jki ja kestvust saab kontrollida valides *245# ja edasi juhendite jrgi. Pringu hind 0,05 .</p>\n\n<p>Mobiilset internetti saab kasutada mobiiltelefonis. Telefon valib automaatselt kiireima andmesidevrgu. Vaata Tele2 interneti leviala kaarti<a href=\"https://tele2.ee/ettevottest/tele2-eesti/leviala\">siit</a>.</p>\n\n<p>Interneti kasutamiseks peab mobiiltelefon olema seadistatud: uue telefoni puhul saadetakse Sulle automaatselt vajalikud seaded, mis tuleb salvestada. Seadeid saad tellida ka, saates thja snumi numbrile 16322.</p>\n\n<p>laltoodud internetipaketid kehtivad alates 07.03.2017 ning pakettide hinnad sisaldavad kibemaksu.</p>', NULL);
INSERT INTO `field_content` (`pages_id`, `data`, `data1059`) VALUES('1053', '<p>Tee elu mugavamaks. Korduva interneti paketiga laekub iga 30 peva jrel andmemaht automaatselt. Korduv interneti pakett sisaldab 1GB vi 5GBandemahtu, tasu vastavalt 1,99 vi 4,99 iga 30 peva jrel.</p>\n\n<p>Teenuse tellimiseks ja lpetamiseks saada sms vastava mrksnaga numbrile<strong>95002</strong>. Paketi hind arvestatakse maha knekaardi kneaja jgist.</p>\n\n<table border=\"1\"><thead><tr><th>Paketi nimi</th>\n			<th>Kehtivus</th>\n			<th>Andmemaht</th>\n			<th>Tasu</th>\n			<th>Tellimise mrksna</th>\n			<th>Loobumise mrksna</th>\n		</tr></thead><tbody><tr><td>Korduv interneti kuupakett 1GB</td>\n			<td>30 peva</td>\n			<td>1 GB</td>\n			<td>1,99 /kuus</td>\n			<td>DATA1GBK</td>\n			<td>STOPDATA1GBK</td>\n		</tr><tr><td>Korduv interneti kuupakett 5GB</td>\n			<td>30 peva</td>\n			<td>5 GB</td>\n			<td>4,99 /kuus</td>\n			<td>DATA5GBK</td>\n			<td>STOPDATA5GBK</td>\n		</tr></tbody></table><p>Kontrollimiseks, kas numbril on juba aktiivne korduv interneti pakett, saada sms mrksnaga<strong>INFOK</strong>numbrile<strong>95002</strong>.</p>\n\n<p>Tellides korduva interneti paketi, aktiveerub teenus esimese kehtivuse mdudes automaatselt uuesti, seda eeldusel, et knekaart kehtib ja sellel on piisavalt vahendeid. Kui paketti enam kasutada ei soovi, on vimalik sellest igal hetkel loobuda.</p>\n\n<h4>KORDUVATE INTERNETI PAKETTIDE KASUTUSTINGIMUSED</h4>\n\n<ul><li>Korduvaid interneti pakette saavad tellida kik Smart knekaardi kasutajad (paketid ei kehti Tele2 ettemaksuga internetikaardi ega Tele2 knekaardi kasutajatele).</li>\n	<li>Paketi tellimiseks tuleb saata SMS vastava mrksnaga numbrile 95002 vi tellida pakett Smart<a href=\"http://minusmart.tele2.ee/\">iseteenindusest</a>.</li>\n	<li>Hind sltub valitud paketist, pakkumises on Korduv interneti kuupakett 1GB ja Korduv interneti kuupakett 5GB.</li>\n	<li>Vastavalt valitud paketile, aktiveeritakse soodustus automaatselt iga 30 peva mdudes. Paketi tasu arvestatakse maha knekaardi saldost. Paketis sisalduv andmemaht liidetakse olemasolevale andmemahule ning selle kehtivust pikendatakse jrgneva perioodi vrra.</li>\n	<li>Korraga saab olla aktiivne ainult ks korduv interneti pakett. Kui tellida mitu korduvat interneti paketti jrjest, siis uue korduva paketi hikud liidetakse olemasoleva paketi juurde ning korduvuse perioodi arvestatakse viimase tellimuse kuupevast.</li>\n	<li>Juhul kui kliendil on aktiivne korduv interneti pakett ja ta tellib juurde hekordse interneti paketi (24h pakett 500MB, Kuupakett 1GB, Kuupakett 5GB vi Tudengi internet), siis jb kehtima ainult viimasena tehtud tellimus. hekordse interneti paketi tellimus lpetab korduva interneti paketi kehtivust.</li>\n	<li>Korduva interneti paketi juurde saab tellida teisi pakette: Smart 2,99, Smart 6,99, rahvusvaheliste knede paketid, laadimispakett Tele2 vrku tasuta vi jrelmaksu soodustust. Sel juhul korduvate interneti pakettide ja teiste pakettide soodustused kehtivad ksteisest sltumata.</li>\n	<li>Aktiivse korduva interneti paketi olemasolu kontrollimiseks tuleb saata SMS sisuga INFOK numbrile 95002.</li>\n	<li>Korduva interneti paketi deaktiveerimiseks tuleb saata SMS vastava sisuga numbrile 95002 vi tellida korduva interneti paketi lpetamine Smart<a href=\"http://minusmart.tele2.ee/\">iseteenindusest</a>.</li>\n	<li>Andmeside mahtu saab kasutada paketi kehtivusaja lpuni ka siis kui korduva interneti paketi teenus on deaktiveeritud.</li>\n	<li>Ilma paketi lpetamise pringuta kliendi poolt kehtib pakett seni:\n	<ul><li>\n		<ul><li>Kuni knekaart on aktiivne;</li>\n			<li>Knekaart psib tingimustes mratud hinnaplaanidel;</li>\n			<li>Knekaardi saldol on piisavalt vahendeid, mis vimaldavad paketi pikendamist.</li>\n		</ul></li>\n	</ul></li>\n	<li>Korduva interneti paketi kehtivuse vi andmemahu lppedes kehtib interneti<a href=\"http://smart.tele2.ee/hinnad\">baashind</a>.</li>\n	<li>Knekaardi korduvas interneti paketis olevaid hikuid ei vahetata kneajaks ega rahaks</li>\n	<li>Korduvaid interneti pakette ei saa kasutada vlismaal. Andmeside teenuse kasutamisel vlismaal toimub tasumine vastavalt<em>roaming</em>- ehk rndlusteenuse hinnakirjale.</li>\n	<li>Tellitud korduvate interneti pakettide puhul jvad kehtima kik Smart knekaardi ja Tele2 teenuste kasutamise tingimused.</li>\n	<li>Tele2-l on igus muuta pakettide hinnakirja ja tingimusi, teavitades sellest kliente kodulehe<a href=\"http://www.smartkaart.ee/\">http://www.smartkaart.ee/</a>vahendusel.</li>\n</ul><p>Saldo kontrollmiseks vali telefonis *245# ja tegutse vastavalt automaatsetele juhistele. Pringu hind 0,05 . Tasuta saad saldot, kehtivat paketti ja andmesidejki kontrollida Smart<a href=\"https://minusmart.tele2.ee/\">Iseteeninduses</a>.</p>', NULL);
INSERT INTO `field_content` (`pages_id`, `data`, `data1059`) VALUES('1025', '<p>Smart on soodne 4G knekaart, mille stardika hind on vaid <strong>0,95 </strong>.<br />\nStardikaga saab endiselt kaasa 0,95  kneaega ning 30-pevase interneti paketi 100 MB andmemahuga. Loe pakkumise tingimused allpool.</p>', '<h3>  SMART</h3>\n\n<p>Smart  4G      <strong>0,95 </strong>.</p>\n\n<p>       0,95   30-       100 .     .</p>\n\n<ul><li><strong>0,04 </strong> / </li>\n	<li><strong>0,04 </strong> / SMS</li>\n	<li><strong>0,09 </strong> / MMS</li>\n</ul><p>       ,    !</p>\n\n<ul><li>  Smart  4G  </li>\n	<li>  Smart    </li>\n	<li>       </li>\n	<li>      Tele2</li>\n</ul><p> Smart      <a href=\"http://tele2.ee/ru/kontaktid/esindused\"> Tele2</a>,  Maxima,  R-Kiosk,   Eesti Post,    Circle K  Olerex,          .</p>\n\n<p>      <a href=\"http://smart.tele2.ee/ru/hinnad\"></a>.</p>');
INSERT INTO `field_content` (`pages_id`, `data`, `data1059`) VALUES('1029', '<p>Smart knekaardile saad pakette iseteeninduses vi snumite abil tellida. Niteks, <em>Smart 2,99</em> knepaketi tellimisel saad kuuks ajaks 1000 kneminutit ja 100 snumit igasse vrku. Kui soovid kasutada mobiilset internetti suuremas mahus, siis telli jllegi iseteeninduses vi snumi abil omale kuuks ajaks lisoodne 1GB interneti kuupakett. Lihtne ja mugav!</p>\n\n<p><strong>Knepakettide hindadega tutvu <a href=\"http://smart.tele2.ee/hinnad/paketid\">siin</a>. Interneti pakettide kohta loe lisaks <a href=\"http://smart.tele2.ee/hinnad/internet-mobiilis\">siin</a>.</strong></p>\n\n<p>Sooduspakettide tellimiseks sisene Smart <a href=\"http://minusmart.tele2.ee/Login\">iseteenindusse </a>vi saada vastav mrgusna numbrile <strong>95002</strong>.</p>', '<p> Smart          SMS. ,    <em>Smart 2.99</em>     1000   100    .         ,   ,        ,  - 1  .   !</p>\n\n<p><strong>     <a href=\"http://smart.tele2.ee/ru/hinnad/paketid\"></a>.  -  <a href=\"http://smart.tele2.ee/ru/hinnad/internet-mobiilis\"></a>.</strong></p>\n\n<p>      <a href=\"http://minusmart.tele2.ee/Login\"></a> Smart        <strong>95002</strong>.</p>');
INSERT INTO `field_content` (`pages_id`, `data`, `data1059`) VALUES('1031', '<p>Juhul kui soovid vahetada Tele2 knekaardi paketi Smart baaspaketiks, siis seda saad tellida <a href=\"http://minusmart.tele2.ee/Login\">iseteeninduses </a>vi saates SMS-i <strong>SMARTKAART</strong> lhinumbrile <strong>95002</strong>. Paketi vahetus on tasuta. leminekul Smart knekaardiks thistatakse eelnevalt kehtinud Tele2 knekaardi soodustused ning aktiveeritakse Smart baaspakett.</p>', '<p>    Tele2         Smart,       <a href=\"http://minusmart.tele2.ee/Login\"> </a>  SMS    <strong>SMARTKAART</strong>    <strong>95002</strong>.    .     Smart         Tele2       Smart.</p>');
INSERT INTO `field_content` (`pages_id`, `data`, `data1059`) VALUES('1033', '<p>Soovi korral saavad Smart knekaardi kasutajad vahetada oma baaspaketi Tele2 knekaardiks. Paketi vahetus saad tellida <a href=\"http://minusmart.tele2.ee/Login\">iseteenindusest </a>vi saates SMS-i koodsnaga <strong>TELE2KAART</strong> lhinumbrile <strong>95002</strong>. Paketi vahetus maksab 4,95 . leminekul Tele2 knekaardiks thistatakse eelnevalt kehtinud Smart soodustused ja hinnakiri ning aktiveeritakse Tele2 knekaardi 4.95  pakett, mis sisaldab 500 minutit, 500 SMSi ning 2GB internetti 30 pevaks.</p>', '<p>     Smart           Tele2.        <a href=\"http://minusmart.tele2.ee/Login\"></a>   SMS    <strong>TELE2KAART</strong>    <strong>95002</strong>.    4,95 .     Tele2       Smart      Tele2 4,95 ,    500 , 500 SMS  2    30 .</p>');

DROP TABLE IF EXISTS `field_email`;
CREATE TABLE `field_email` (
  `pages_id` int(10) unsigned NOT NULL,
  `data` varchar(250) NOT NULL DEFAULT '',
  PRIMARY KEY (`pages_id`),
  KEY `data_exact` (`data`),
  FULLTEXT KEY `data` (`data`)
) ENGINE=MyISAM DEFAULT CHARSET=utf8;

INSERT INTO `field_email` (`pages_id`, `data`) VALUES('41', 'marko.siilak@tele2.com');

DROP TABLE IF EXISTS `field_faq_list`;
CREATE TABLE `field_faq_list` (
  `pages_id` int(10) unsigned NOT NULL,
  `data` text NOT NULL,
  `count` int(11) NOT NULL,
  `parent_id` int(11) NOT NULL,
  PRIMARY KEY (`pages_id`),
  KEY `data_exact` (`data`(1)),
  KEY `count` (`count`,`pages_id`),
  KEY `parent_id` (`parent_id`,`pages_id`),
  FULLTEXT KEY `data` (`data`)
) ENGINE=MyISAM DEFAULT CHARSET=utf8;


DROP TABLE IF EXISTS `field_gallery`;
CREATE TABLE `field_gallery` (
  `pages_id` int(10) unsigned NOT NULL,
  `data` varchar(250) NOT NULL,
  `sort` int(10) unsigned NOT NULL,
  `description` text NOT NULL,
  `modified` datetime DEFAULT NULL,
  `created` datetime DEFAULT NULL,
  PRIMARY KEY (`pages_id`,`sort`),
  KEY `data` (`data`),
  KEY `modified` (`modified`),
  KEY `created` (`created`),
  FULLTEXT KEY `description` (`description`)
) ENGINE=MyISAM DEFAULT CHARSET=utf8;


DROP TABLE IF EXISTS `field_image`;
CREATE TABLE `field_image` (
  `pages_id` int(10) unsigned NOT NULL,
  `data` varchar(250) NOT NULL,
  `sort` int(10) unsigned NOT NULL,
  `description` text NOT NULL,
  `modified` datetime DEFAULT NULL,
  `created` datetime DEFAULT NULL,
  PRIMARY KEY (`pages_id`,`sort`),
  KEY `data` (`data`),
  KEY `modified` (`modified`),
  KEY `created` (`created`),
  FULLTEXT KEY `description` (`description`)
) ENGINE=MyISAM DEFAULT CHARSET=utf8;

INSERT INTO `field_image` (`pages_id`, `data`, `sort`, `description`, `modified`, `created`) VALUES('1025', 'smart_koduleht_visuaalid_stardikas.png', '0', '', '2017-12-10 17:18:59', '2017-12-10 17:18:59');

DROP TABLE IF EXISTS `field_language`;
CREATE TABLE `field_language` (
  `pages_id` int(10) unsigned NOT NULL,
  `data` int(11) NOT NULL,
  `sort` int(10) unsigned NOT NULL,
  PRIMARY KEY (`pages_id`,`sort`),
  KEY `data` (`data`,`pages_id`,`sort`)
) ENGINE=MyISAM DEFAULT CHARSET=utf8;

INSERT INTO `field_language` (`pages_id`, `data`, `sort`) VALUES('40', '1057', '0');
INSERT INTO `field_language` (`pages_id`, `data`, `sort`) VALUES('41', '1057', '0');

DROP TABLE IF EXISTS `field_language_files`;
CREATE TABLE `field_language_files` (
  `pages_id` int(10) unsigned NOT NULL,
  `data` varchar(250) NOT NULL,
  `sort` int(10) unsigned NOT NULL,
  `description` text NOT NULL,
  `modified` datetime DEFAULT NULL,
  `created` datetime DEFAULT NULL,
  PRIMARY KEY (`pages_id`,`sort`),
  KEY `data` (`data`),
  KEY `modified` (`modified`),
  KEY `created` (`created`),
  FULLTEXT KEY `description` (`description`)
) ENGINE=MyISAM DEFAULT CHARSET=utf8;


DROP TABLE IF EXISTS `field_language_files_site`;
CREATE TABLE `field_language_files_site` (
  `pages_id` int(10) unsigned NOT NULL,
  `data` varchar(250) NOT NULL,
  `sort` int(10) unsigned NOT NULL,
  `description` text NOT NULL,
  `modified` datetime DEFAULT NULL,
  `created` datetime DEFAULT NULL,
  PRIMARY KEY (`pages_id`,`sort`),
  KEY `data` (`data`),
  KEY `modified` (`modified`),
  KEY `created` (`created`),
  FULLTEXT KEY `description` (`description`)
) ENGINE=MyISAM DEFAULT CHARSET=utf8;


DROP TABLE IF EXISTS `field_notifications`;
CREATE TABLE `field_notifications` (
  `pages_id` int(10) unsigned NOT NULL,
  `data` text NOT NULL,
  `sort` int(10) unsigned NOT NULL,
  `title` tinytext NOT NULL,
  `src_id` int(10) unsigned NOT NULL,
  `flags` int(10) unsigned NOT NULL,
  `created` datetime NOT NULL,
  `modified` datetime NOT NULL,
  `qty` int(10) unsigned NOT NULL DEFAULT '1',
  PRIMARY KEY (`pages_id`,`sort`),
  KEY `src_id` (`src_id`),
  KEY `flags` (`flags`),
  KEY `created` (`created`),
  FULLTEXT KEY `data` (`data`)
) ENGINE=MyISAM DEFAULT CHARSET=utf8;

INSERT INTO `field_notifications` (`pages_id`, `data`, `sort`, `title`, `src_id`, `flags`, `created`, `modified`, `qty`) VALUES('41', '{\"id\":\"noIDe9dbf61b7d9908f008679b2e534cc96c\",\"html\":\"<p><b>Useragent:<\\/b> Mozilla\\/5.0 (Macintosh; Intel Mac OS X 10_13_2) AppleWebKit\\/537.36 (KHTML, like Gecko) Chrome\\/62.0.3202.94 Safari\\/537.36<br \\/><b>Time:<\\/b> 2017-12-11 14:21:16<br \\/><b>IP:<\\/b> 0.0.0.0<\\/p>\"}', '0', 'User logged in: admin', '23', '16448', '2017-12-11 14:21:16', '2017-12-11 14:21:50', '1');

DROP TABLE IF EXISTS `field_pass`;
CREATE TABLE `field_pass` (
  `pages_id` int(10) unsigned NOT NULL,
  `data` char(40) NOT NULL,
  `salt` char(32) NOT NULL,
  PRIMARY KEY (`pages_id`),
  KEY `data` (`data`)
) ENGINE=MyISAM DEFAULT CHARSET=ascii;

INSERT INTO `field_pass` (`pages_id`, `data`, `salt`) VALUES('41', 'bBP8Se4Pbi8f3gFBid55Tt6Rro5Cn9O', '$2y$11$ePVMYL2/Ot/fQw6nly8tIO');
INSERT INTO `field_pass` (`pages_id`, `data`, `salt`) VALUES('40', '', '');

DROP TABLE IF EXISTS `field_permissions`;
CREATE TABLE `field_permissions` (
  `pages_id` int(10) unsigned NOT NULL,
  `data` int(11) NOT NULL,
  `sort` int(10) unsigned NOT NULL,
  PRIMARY KEY (`pages_id`,`sort`),
  KEY `data` (`data`,`pages_id`,`sort`)
) ENGINE=MyISAM DEFAULT CHARSET=utf8;

INSERT INTO `field_permissions` (`pages_id`, `data`, `sort`) VALUES('38', '32', '1');
INSERT INTO `field_permissions` (`pages_id`, `data`, `sort`) VALUES('38', '34', '2');
INSERT INTO `field_permissions` (`pages_id`, `data`, `sort`) VALUES('38', '35', '3');
INSERT INTO `field_permissions` (`pages_id`, `data`, `sort`) VALUES('37', '36', '0');
INSERT INTO `field_permissions` (`pages_id`, `data`, `sort`) VALUES('38', '36', '0');
INSERT INTO `field_permissions` (`pages_id`, `data`, `sort`) VALUES('38', '50', '4');
INSERT INTO `field_permissions` (`pages_id`, `data`, `sort`) VALUES('38', '51', '5');
INSERT INTO `field_permissions` (`pages_id`, `data`, `sort`) VALUES('38', '52', '7');
INSERT INTO `field_permissions` (`pages_id`, `data`, `sort`) VALUES('38', '53', '8');
INSERT INTO `field_permissions` (`pages_id`, `data`, `sort`) VALUES('38', '54', '6');

DROP TABLE IF EXISTS `field_process`;
CREATE TABLE `field_process` (
  `pages_id` int(11) NOT NULL DEFAULT '0',
  `data` int(11) NOT NULL DEFAULT '0',
  PRIMARY KEY (`pages_id`),
  KEY `data` (`data`)
) ENGINE=MyISAM DEFAULT CHARSET=utf8;

INSERT INTO `field_process` (`pages_id`, `data`) VALUES('6', '17');
INSERT INTO `field_process` (`pages_id`, `data`) VALUES('3', '12');
INSERT INTO `field_process` (`pages_id`, `data`) VALUES('8', '12');
INSERT INTO `field_process` (`pages_id`, `data`) VALUES('9', '14');
INSERT INTO `field_process` (`pages_id`, `data`) VALUES('10', '7');
INSERT INTO `field_process` (`pages_id`, `data`) VALUES('11', '47');
INSERT INTO `field_process` (`pages_id`, `data`) VALUES('16', '48');
INSERT INTO `field_process` (`pages_id`, `data`) VALUES('300', '104');
INSERT INTO `field_process` (`pages_id`, `data`) VALUES('21', '50');
INSERT INTO `field_process` (`pages_id`, `data`) VALUES('29', '66');
INSERT INTO `field_process` (`pages_id`, `data`) VALUES('23', '10');
INSERT INTO `field_process` (`pages_id`, `data`) VALUES('304', '138');
INSERT INTO `field_process` (`pages_id`, `data`) VALUES('31', '136');
INSERT INTO `field_process` (`pages_id`, `data`) VALUES('22', '76');
INSERT INTO `field_process` (`pages_id`, `data`) VALUES('30', '68');
INSERT INTO `field_process` (`pages_id`, `data`) VALUES('303', '129');
INSERT INTO `field_process` (`pages_id`, `data`) VALUES('2', '87');
INSERT INTO `field_process` (`pages_id`, `data`) VALUES('302', '121');
INSERT INTO `field_process` (`pages_id`, `data`) VALUES('301', '109');
INSERT INTO `field_process` (`pages_id`, `data`) VALUES('28', '76');
INSERT INTO `field_process` (`pages_id`, `data`) VALUES('1007', '150');
INSERT INTO `field_process` (`pages_id`, `data`) VALUES('1010', '159');
INSERT INTO `field_process` (`pages_id`, `data`) VALUES('1012', '160');
INSERT INTO `field_process` (`pages_id`, `data`) VALUES('1036', '167');
INSERT INTO `field_process` (`pages_id`, `data`) VALUES('1054', '173');
INSERT INTO `field_process` (`pages_id`, `data`) VALUES('1056', '175');
INSERT INTO `field_process` (`pages_id`, `data`) VALUES('1058', '176');

DROP TABLE IF EXISTS `field_roles`;
CREATE TABLE `field_roles` (
  `pages_id` int(10) unsigned NOT NULL,
  `data` int(11) NOT NULL,
  `sort` int(10) unsigned NOT NULL,
  PRIMARY KEY (`pages_id`,`sort`),
  KEY `data` (`data`,`pages_id`,`sort`)
) ENGINE=MyISAM DEFAULT CHARSET=utf8;

INSERT INTO `field_roles` (`pages_id`, `data`, `sort`) VALUES('40', '37', '0');
INSERT INTO `field_roles` (`pages_id`, `data`, `sort`) VALUES('41', '37', '0');
INSERT INTO `field_roles` (`pages_id`, `data`, `sort`) VALUES('41', '38', '2');

DROP TABLE IF EXISTS `field_sitename`;
CREATE TABLE `field_sitename` (
  `pages_id` int(10) unsigned NOT NULL,
  `data` text NOT NULL,
  `data1059` text,
  PRIMARY KEY (`pages_id`),
  KEY `data_exact` (`data`(250)),
  KEY `data_exact1059` (`data1059`(250)),
  FULLTEXT KEY `data` (`data`),
  FULLTEXT KEY `data1059` (`data1059`)
) ENGINE=MyISAM DEFAULT CHARSET=utf8;

INSERT INTO `field_sitename` (`pages_id`, `data`, `data1059`) VALUES('1', 'Smart Knekaart', '');

DROP TABLE IF EXISTS `field_summary`;
CREATE TABLE `field_summary` (
  `pages_id` int(10) unsigned NOT NULL,
  `data` mediumtext NOT NULL,
  PRIMARY KEY (`pages_id`),
  KEY `data_exact` (`data`(250)),
  FULLTEXT KEY `data` (`data`)
) ENGINE=MyISAM DEFAULT CHARSET=utf8;


DROP TABLE IF EXISTS `field_title`;
CREATE TABLE `field_title` (
  `pages_id` int(10) unsigned NOT NULL,
  `data` text NOT NULL,
  `data1059` text,
  PRIMARY KEY (`pages_id`),
  KEY `data_exact` (`data`(250)),
  KEY `data_exact1059` (`data1059`(250)),
  FULLTEXT KEY `data` (`data`),
  FULLTEXT KEY `data1059` (`data1059`)
) ENGINE=MyISAM DEFAULT CHARSET=utf8;

INSERT INTO `field_title` (`pages_id`, `data`, `data1059`) VALUES('11', 'Templates', NULL);
INSERT INTO `field_title` (`pages_id`, `data`, `data1059`) VALUES('16', 'Fields', NULL);
INSERT INTO `field_title` (`pages_id`, `data`, `data1059`) VALUES('22', 'Setup', NULL);
INSERT INTO `field_title` (`pages_id`, `data`, `data1059`) VALUES('3', 'Pages', NULL);
INSERT INTO `field_title` (`pages_id`, `data`, `data1059`) VALUES('6', 'Add Page', NULL);
INSERT INTO `field_title` (`pages_id`, `data`, `data1059`) VALUES('8', 'Tree', NULL);
INSERT INTO `field_title` (`pages_id`, `data`, `data1059`) VALUES('9', 'Save Sort', NULL);
INSERT INTO `field_title` (`pages_id`, `data`, `data1059`) VALUES('10', 'Edit', NULL);
INSERT INTO `field_title` (`pages_id`, `data`, `data1059`) VALUES('21', 'Modules', NULL);
INSERT INTO `field_title` (`pages_id`, `data`, `data1059`) VALUES('29', 'Users', NULL);
INSERT INTO `field_title` (`pages_id`, `data`, `data1059`) VALUES('30', 'Roles', NULL);
INSERT INTO `field_title` (`pages_id`, `data`, `data1059`) VALUES('2', 'Admin', NULL);
INSERT INTO `field_title` (`pages_id`, `data`, `data1059`) VALUES('7', 'Trash', NULL);
INSERT INTO `field_title` (`pages_id`, `data`, `data1059`) VALUES('27', '404 Not Found', NULL);
INSERT INTO `field_title` (`pages_id`, `data`, `data1059`) VALUES('302', 'Insert Link', NULL);
INSERT INTO `field_title` (`pages_id`, `data`, `data1059`) VALUES('23', 'Login', NULL);
INSERT INTO `field_title` (`pages_id`, `data`, `data1059`) VALUES('304', 'Profile', NULL);
INSERT INTO `field_title` (`pages_id`, `data`, `data1059`) VALUES('301', 'Empty Trash', NULL);
INSERT INTO `field_title` (`pages_id`, `data`, `data1059`) VALUES('300', 'Search', NULL);
INSERT INTO `field_title` (`pages_id`, `data`, `data1059`) VALUES('303', 'Insert Image', NULL);
INSERT INTO `field_title` (`pages_id`, `data`, `data1059`) VALUES('28', 'Access', NULL);
INSERT INTO `field_title` (`pages_id`, `data`, `data1059`) VALUES('31', 'Permissions', NULL);
INSERT INTO `field_title` (`pages_id`, `data`, `data1059`) VALUES('32', 'Edit pages', NULL);
INSERT INTO `field_title` (`pages_id`, `data`, `data1059`) VALUES('34', 'Delete pages', NULL);
INSERT INTO `field_title` (`pages_id`, `data`, `data1059`) VALUES('35', 'Move pages (change parent)', NULL);
INSERT INTO `field_title` (`pages_id`, `data`, `data1059`) VALUES('36', 'View pages', NULL);
INSERT INTO `field_title` (`pages_id`, `data`, `data1059`) VALUES('50', 'Sort child pages', NULL);
INSERT INTO `field_title` (`pages_id`, `data`, `data1059`) VALUES('51', 'Change templates on pages', NULL);
INSERT INTO `field_title` (`pages_id`, `data`, `data1059`) VALUES('52', 'Administer users', NULL);
INSERT INTO `field_title` (`pages_id`, `data`, `data1059`) VALUES('53', 'User can update profile/password', NULL);
INSERT INTO `field_title` (`pages_id`, `data`, `data1059`) VALUES('54', 'Lock or unlock a page', NULL);
INSERT INTO `field_title` (`pages_id`, `data`, `data1059`) VALUES('1', 'Soodne knekaart', '  ');
INSERT INTO `field_title` (`pages_id`, `data`, `data1059`) VALUES('1006', 'Use Page Lister', NULL);
INSERT INTO `field_title` (`pages_id`, `data`, `data1059`) VALUES('1007', 'Find', NULL);
INSERT INTO `field_title` (`pages_id`, `data`, `data1059`) VALUES('1010', 'Recent', NULL);
INSERT INTO `field_title` (`pages_id`, `data`, `data1059`) VALUES('1011', 'Can see recently edited pages', NULL);
INSERT INTO `field_title` (`pages_id`, `data`, `data1059`) VALUES('1012', 'Logs', NULL);
INSERT INTO `field_title` (`pages_id`, `data`, `data1059`) VALUES('1013', 'Can view system logs', NULL);
INSERT INTO `field_title` (`pages_id`, `data`, `data1059`) VALUES('1014', 'Can manage system logs', NULL);
INSERT INTO `field_title` (`pages_id`, `data`, `data1059`) VALUES('1015', 'api', NULL);
INSERT INTO `field_title` (`pages_id`, `data`, `data1059`) VALUES('1016', 'nav', NULL);
INSERT INTO `field_title` (`pages_id`, `data`, `data1059`) VALUES('1017', 'pages', NULL);
INSERT INTO `field_title` (`pages_id`, `data`, `data1059`) VALUES('1019', 'Repeaters', NULL);
INSERT INTO `field_title` (`pages_id`, `data`, `data1059`) VALUES('1020', 'faq_list', NULL);
INSERT INTO `field_title` (`pages_id`, `data`, `data1059`) VALUES('1025', 'Mis on Smart?', NULL);
INSERT INTO `field_title` (`pages_id`, `data`, `data1059`) VALUES('1041', 'Internetipangast', NULL);
INSERT INTO `field_title` (`pages_id`, `data`, `data1059`) VALUES('1027', 'Laadimine', NULL);
INSERT INTO `field_title` (`pages_id`, `data`, `data1059`) VALUES('1047', 'Pangakontolt', NULL);
INSERT INTO `field_title` (`pages_id`, `data`, `data1059`) VALUES('1029', 'SOODSAD KNE- JA INTERNETIPAKETID', NULL);
INSERT INTO `field_title` (`pages_id`, `data`, `data1059`) VALUES('1031', 'LEMINEK TELE2 KNEKAARDILT SMART KNEKAARDILE', NULL);
INSERT INTO `field_title` (`pages_id`, `data`, `data1059`) VALUES('1033', 'LEMINEK SMART KNEKAARDILT TELE2 KNEKAARDILE', NULL);
INSERT INTO `field_title` (`pages_id`, `data`, `data1059`) VALUES('1036', 'DB Backups', NULL);
INSERT INTO `field_title` (`pages_id`, `data`, `data1059`) VALUES('1037', 'Manage database backups (recommended for superuser only)', NULL);
INSERT INTO `field_title` (`pages_id`, `data`, `data1059`) VALUES('1043', 'Hinnad', NULL);
INSERT INTO `field_title` (`pages_id`, `data`, `data1059`) VALUES('1045', 'SMSi kohaletoimetamise raport', NULL);
INSERT INTO `field_title` (`pages_id`, `data`, `data1059`) VALUES('1051', 'Knepaketid', NULL);
INSERT INTO `field_title` (`pages_id`, `data`, `data1059`) VALUES('1048', 'Mobiiltelefonilt', NULL);
INSERT INTO `field_title` (`pages_id`, `data`, `data1059`) VALUES('1049', 'Laadi mind', NULL);
INSERT INTO `field_title` (`pages_id`, `data`, `data1059`) VALUES('1050', 'Laadimiskaardiga', NULL);
INSERT INTO `field_title` (`pages_id`, `data`, `data1059`) VALUES('1052', 'Internet mobiilis', NULL);
INSERT INTO `field_title` (`pages_id`, `data`, `data1059`) VALUES('1053', 'Korduvad interneti paketid', NULL);
INSERT INTO `field_title` (`pages_id`, `data`, `data1059`) VALUES('1054', 'Upgrades', NULL);
INSERT INTO `field_title` (`pages_id`, `data`, `data1059`) VALUES('1055', 'Administer languages and static translation files', NULL);
INSERT INTO `field_title` (`pages_id`, `data`, `data1059`) VALUES('1056', 'Languages', NULL);
INSERT INTO `field_title` (`pages_id`, `data`, `data1059`) VALUES('1057', 'Eesti keel', NULL);
INSERT INTO `field_title` (`pages_id`, `data`, `data1059`) VALUES('1058', 'Language Translator', NULL);
INSERT INTO `field_title` (`pages_id`, `data`, `data1059`) VALUES('1059', 'Vene keel', NULL);
INSERT INTO `field_title` (`pages_id`, `data`, `data1059`) VALUES('1061', 'Smart homepage CMS changes', NULL);

DROP TABLE IF EXISTS `field_video`;
CREATE TABLE `field_video` (
  `pages_id` int(10) unsigned NOT NULL,
  `data` varchar(250) NOT NULL,
  `sort` int(10) unsigned NOT NULL,
  `description` text NOT NULL,
  `modified` datetime DEFAULT NULL,
  `created` datetime DEFAULT NULL,
  PRIMARY KEY (`pages_id`,`sort`),
  KEY `data` (`data`),
  KEY `modified` (`modified`),
  KEY `created` (`created`),
  FULLTEXT KEY `description` (`description`)
) ENGINE=MyISAM DEFAULT CHARSET=utf8;


DROP TABLE IF EXISTS `fieldgroups`;
CREATE TABLE `fieldgroups` (
  `id` int(10) unsigned NOT NULL AUTO_INCREMENT,
  `name` varchar(250) CHARACTER SET ascii NOT NULL,
  PRIMARY KEY (`id`),
  UNIQUE KEY `name` (`name`)
) ENGINE=MyISAM AUTO_INCREMENT=107 DEFAULT CHARSET=utf8;

INSERT INTO `fieldgroups` (`id`, `name`) VALUES('2', 'admin');
INSERT INTO `fieldgroups` (`id`, `name`) VALUES('3', 'user');
INSERT INTO `fieldgroups` (`id`, `name`) VALUES('4', 'role');
INSERT INTO `fieldgroups` (`id`, `name`) VALUES('5', 'permission');
INSERT INTO `fieldgroups` (`id`, `name`) VALUES('1', 'home');
INSERT INTO `fieldgroups` (`id`, `name`) VALUES('98', 'api');
INSERT INTO `fieldgroups` (`id`, `name`) VALUES('97', 'default');
INSERT INTO `fieldgroups` (`id`, `name`) VALUES('99', 'pages');
INSERT INTO `fieldgroups` (`id`, `name`) VALUES('100', 'nav');
INSERT INTO `fieldgroups` (`id`, `name`) VALUES('101', 'repeater_faq_list');
INSERT INTO `fieldgroups` (`id`, `name`) VALUES('104', 'split');
INSERT INTO `fieldgroups` (`id`, `name`) VALUES('105', 'portfolio');
INSERT INTO `fieldgroups` (`id`, `name`) VALUES('106', 'language');

DROP TABLE IF EXISTS `fieldgroups_fields`;
CREATE TABLE `fieldgroups_fields` (
  `fieldgroups_id` int(10) unsigned NOT NULL DEFAULT '0',
  `fields_id` int(10) unsigned NOT NULL DEFAULT '0',
  `sort` int(11) unsigned NOT NULL DEFAULT '0',
  `data` text,
  PRIMARY KEY (`fieldgroups_id`,`fields_id`)
) ENGINE=MyISAM DEFAULT CHARSET=utf8;

INSERT INTO `fieldgroups_fields` (`fieldgroups_id`, `fields_id`, `sort`, `data`) VALUES('2', '110', '1', NULL);
INSERT INTO `fieldgroups_fields` (`fieldgroups_id`, `fields_id`, `sort`, `data`) VALUES('3', '4', '2', NULL);
INSERT INTO `fieldgroups_fields` (`fieldgroups_id`, `fields_id`, `sort`, `data`) VALUES('4', '5', '0', NULL);
INSERT INTO `fieldgroups_fields` (`fieldgroups_id`, `fields_id`, `sort`, `data`) VALUES('5', '1', '0', NULL);
INSERT INTO `fieldgroups_fields` (`fieldgroups_id`, `fields_id`, `sort`, `data`) VALUES('3', '92', '1', NULL);
INSERT INTO `fieldgroups_fields` (`fieldgroups_id`, `fields_id`, `sort`, `data`) VALUES('98', '1', '0', NULL);
INSERT INTO `fieldgroups_fields` (`fieldgroups_id`, `fields_id`, `sort`, `data`) VALUES('1', '103', '1', NULL);
INSERT INTO `fieldgroups_fields` (`fieldgroups_id`, `fields_id`, `sort`, `data`) VALUES('97', '1', '0', NULL);
INSERT INTO `fieldgroups_fields` (`fieldgroups_id`, `fields_id`, `sort`, `data`) VALUES('99', '1', '0', NULL);
INSERT INTO `fieldgroups_fields` (`fieldgroups_id`, `fields_id`, `sort`, `data`) VALUES('100', '1', '0', NULL);
INSERT INTO `fieldgroups_fields` (`fieldgroups_id`, `fields_id`, `sort`, `data`) VALUES('97', '98', '3', NULL);
INSERT INTO `fieldgroups_fields` (`fieldgroups_id`, `fields_id`, `sort`, `data`) VALUES('101', '97', '1', NULL);
INSERT INTO `fieldgroups_fields` (`fieldgroups_id`, `fields_id`, `sort`, `data`) VALUES('97', '97', '1', NULL);
INSERT INTO `fieldgroups_fields` (`fieldgroups_id`, `fields_id`, `sort`, `data`) VALUES('101', '1', '0', NULL);
INSERT INTO `fieldgroups_fields` (`fieldgroups_id`, `fields_id`, `sort`, `data`) VALUES('97', '99', '4', NULL);
INSERT INTO `fieldgroups_fields` (`fieldgroups_id`, `fields_id`, `sort`, `data`) VALUES('2', '2', '2', NULL);
INSERT INTO `fieldgroups_fields` (`fieldgroups_id`, `fields_id`, `sort`, `data`) VALUES('1', '97', '2', NULL);
INSERT INTO `fieldgroups_fields` (`fieldgroups_id`, `fields_id`, `sort`, `data`) VALUES('3', '108', '4', NULL);
INSERT INTO `fieldgroups_fields` (`fieldgroups_id`, `fields_id`, `sort`, `data`) VALUES('104', '102', '2', NULL);
INSERT INTO `fieldgroups_fields` (`fieldgroups_id`, `fields_id`, `sort`, `data`) VALUES('97', '102', '2', NULL);
INSERT INTO `fieldgroups_fields` (`fieldgroups_id`, `fields_id`, `sort`, `data`) VALUES('105', '1', '0', NULL);
INSERT INTO `fieldgroups_fields` (`fieldgroups_id`, `fields_id`, `sort`, `data`) VALUES('106', '1', '0', NULL);
INSERT INTO `fieldgroups_fields` (`fieldgroups_id`, `fields_id`, `sort`, `data`) VALUES('106', '104', '1', NULL);
INSERT INTO `fieldgroups_fields` (`fieldgroups_id`, `fields_id`, `sort`, `data`) VALUES('3', '106', '3', NULL);
INSERT INTO `fieldgroups_fields` (`fieldgroups_id`, `fields_id`, `sort`, `data`) VALUES('105', '101', '3', NULL);
INSERT INTO `fieldgroups_fields` (`fieldgroups_id`, `fields_id`, `sort`, `data`) VALUES('105', '98', '2', NULL);
INSERT INTO `fieldgroups_fields` (`fieldgroups_id`, `fields_id`, `sort`, `data`) VALUES('105', '97', '1', NULL);
INSERT INTO `fieldgroups_fields` (`fieldgroups_id`, `fields_id`, `sort`, `data`) VALUES('2', '1', '0', NULL);
INSERT INTO `fieldgroups_fields` (`fieldgroups_id`, `fields_id`, `sort`, `data`) VALUES('3', '109', '5', NULL);
INSERT INTO `fieldgroups_fields` (`fieldgroups_id`, `fields_id`, `sort`, `data`) VALUES('3', '3', '0', NULL);
INSERT INTO `fieldgroups_fields` (`fieldgroups_id`, `fields_id`, `sort`, `data`) VALUES('1', '1', '0', NULL);
INSERT INTO `fieldgroups_fields` (`fieldgroups_id`, `fields_id`, `sort`, `data`) VALUES('106', '105', '2', NULL);
INSERT INTO `fieldgroups_fields` (`fieldgroups_id`, `fields_id`, `sort`, `data`) VALUES('104', '97', '1', NULL);
INSERT INTO `fieldgroups_fields` (`fieldgroups_id`, `fields_id`, `sort`, `data`) VALUES('104', '1', '0', NULL);

DROP TABLE IF EXISTS `fields`;
CREATE TABLE `fields` (
  `id` int(10) unsigned NOT NULL AUTO_INCREMENT,
  `type` varchar(128) CHARACTER SET ascii NOT NULL,
  `name` varchar(250) CHARACTER SET ascii NOT NULL,
  `flags` int(11) NOT NULL DEFAULT '0',
  `label` varchar(250) NOT NULL DEFAULT '',
  `data` text NOT NULL,
  PRIMARY KEY (`id`),
  UNIQUE KEY `name` (`name`),
  KEY `type` (`type`)
) ENGINE=MyISAM AUTO_INCREMENT=111 DEFAULT CHARSET=utf8;

INSERT INTO `fields` (`id`, `type`, `name`, `flags`, `label`, `data`) VALUES('1', 'FieldtypePageTitleLanguage', 'title', '13', 'Title', '{\"required\":1,\"langBlankInherit\":0,\"minlength\":0,\"maxlength\":2048,\"showCount\":0,\"size\":0}');
INSERT INTO `fields` (`id`, `type`, `name`, `flags`, `label`, `data`) VALUES('2', 'FieldtypeModule', 'process', '25', 'Process', '{\"description\":\"The process that is executed on this page. Since this is mostly used by ProcessWire internally, it is recommended that you don\'t change the value of this unless adding your own pages in the admin.\",\"collapsed\":1,\"required\":1,\"moduleTypes\":[\"Process\"],\"permanent\":1}');
INSERT INTO `fields` (`id`, `type`, `name`, `flags`, `label`, `data`) VALUES('3', 'FieldtypePassword', 'pass', '24', 'Set Password', '{\"collapsed\":1,\"size\":50,\"maxlength\":128}');
INSERT INTO `fields` (`id`, `type`, `name`, `flags`, `label`, `data`) VALUES('5', 'FieldtypePage', 'permissions', '24', 'Permissions', '{\"derefAsPage\":0,\"parent_id\":31,\"labelFieldName\":\"title\",\"inputfield\":\"InputfieldCheckboxes\"}');
INSERT INTO `fields` (`id`, `type`, `name`, `flags`, `label`, `data`) VALUES('4', 'FieldtypePage', 'roles', '24', 'Roles', '{\"derefAsPage\":0,\"parent_id\":30,\"labelFieldName\":\"name\",\"inputfield\":\"InputfieldCheckboxes\",\"description\":\"User will inherit the permissions assigned to each role. You may assign multiple roles to a user. When accessing a page, the user will only inherit permissions from the roles that are also assigned to the page\'s template.\"}');
INSERT INTO `fields` (`id`, `type`, `name`, `flags`, `label`, `data`) VALUES('92', 'FieldtypeEmail', 'email', '9', 'E-Mail Address', '{\"size\":70,\"maxlength\":255}');
INSERT INTO `fields` (`id`, `type`, `name`, `flags`, `label`, `data`) VALUES('97', 'FieldtypeTextareaLanguage', 'content', '0', 'Content', '{\"inputfieldClass\":\"InputfieldCKEditor\",\"contentType\":0,\"langBlankInherit\":0,\"collapsed\":0,\"minlength\":0,\"maxlength\":0,\"showCount\":0,\"rows\":5,\"toolbar\":\"Format, Styles, -, Bold, Italic, -, RemoveFormat\\nNumberedList, BulletedList, -, Blockquote\\nPWLink, Unlink, Anchor\\nPWImage, Table, HorizontalRule, SpecialChar\\nPasteText, PasteFromWord\\nScayt, -, Sourcedialog\",\"inlineMode\":0,\"useACF\":1,\"usePurifier\":1,\"toggles\":[2,4,8],\"formatTags\":\"p;h1;h2;h3;h4;h5;h6;pre;address\",\"extraPlugins\":[\"pwimage\",\"pwlink\",\"sourcedialog\"],\"removePlugins\":\"image,magicline\"}');
INSERT INTO `fields` (`id`, `type`, `name`, `flags`, `label`, `data`) VALUES('98', 'FieldtypeImage', 'gallery', '0', 'Gallery', '{\"extensions\":\"gif jpg jpeg png\",\"maxFiles\":0,\"outputFormat\":1,\"defaultValuePage\":0,\"inputfieldClass\":\"InputfieldImage\",\"descriptionRows\":1,\"gridMode\":\"grid\",\"maxReject\":0,\"dimensionsByAspectRatio\":0,\"fileSchema\":2}');
INSERT INTO `fields` (`id`, `type`, `name`, `flags`, `label`, `data`) VALUES('99', 'FieldtypeRepeater', 'faq_list', '0', 'FAQ', '{\"template_id\":47,\"parent_id\":1020,\"repeaterFields\":[1,97],\"repeaterCollapse\":0,\"repeaterLoading\":1,\"collapsed\":0}');
INSERT INTO `fields` (`id`, `type`, `name`, `flags`, `label`, `data`) VALUES('100', 'FieldtypeTextarea', 'summary', '0', 'Summary', '{\"textformatters\":[\"TextformatterEntities\"],\"inputfieldClass\":\"InputfieldTextarea\",\"contentType\":0,\"collapsed\":2,\"minlength\":0,\"maxlength\":0,\"showCount\":0,\"rows\":5}');
INSERT INTO `fields` (`id`, `type`, `name`, `flags`, `label`, `data`) VALUES('101', 'FieldtypeFile', 'video', '0', 'Video', '{\"extensions\":\"mp4 m4v\",\"maxFiles\":1,\"outputFormat\":0,\"defaultValuePage\":0,\"useTags\":0,\"inputfieldClass\":\"InputfieldFile\",\"descriptionRows\":1,\"fileSchema\":2,\"collapsed\":0}');
INSERT INTO `fields` (`id`, `type`, `name`, `flags`, `label`, `data`) VALUES('102', 'FieldtypeImage', 'image', '0', 'Image', '{\"extensions\":\"gif jpg jpeg png\",\"maxFiles\":1,\"outputFormat\":0,\"defaultValuePage\":0,\"useTags\":0,\"inputfieldClass\":\"InputfieldImage\",\"descriptionRows\":1,\"gridMode\":\"grid\",\"resizeServer\":0,\"clientQuality\":90,\"maxReject\":0,\"dimensionsByAspectRatio\":0,\"fileSchema\":2}');
INSERT INTO `fields` (`id`, `type`, `name`, `flags`, `label`, `data`) VALUES('103', 'FieldtypeTextLanguage', 'sitename', '0', 'Veebilehe nimi', '{\"langBlankInherit\":0,\"collapsed\":0,\"minlength\":0,\"maxlength\":2048,\"showCount\":0,\"size\":0}');
INSERT INTO `fields` (`id`, `type`, `name`, `flags`, `label`, `data`) VALUES('104', 'FieldtypeFile', 'language_files_site', '24', 'Site Translation Files', '{\"extensions\":\"json csv\",\"maxFiles\":0,\"inputfieldClass\":\"InputfieldFile\",\"unzip\":1,\"description\":\"Use this field for translations specific to your site (like files in \\/site\\/templates\\/ for example).\",\"descriptionRows\":0,\"fileSchema\":2}');
INSERT INTO `fields` (`id`, `type`, `name`, `flags`, `label`, `data`) VALUES('105', 'FieldtypeFile', 'language_files', '24', 'Core Translation Files', '{\"extensions\":\"json csv\",\"maxFiles\":0,\"inputfieldClass\":\"InputfieldFile\",\"unzip\":1,\"description\":\"Use this field for [language packs](http:\\/\\/modules.processwire.com\\/categories\\/language-pack\\/). To delete all files, double-click the trash can for any file, then save.\",\"descriptionRows\":0,\"fileSchema\":2}');
INSERT INTO `fields` (`id`, `type`, `name`, `flags`, `label`, `data`) VALUES('106', 'FieldtypePage', 'language', '24', 'Language', '{\"derefAsPage\":1,\"parent_id\":1056,\"labelFieldName\":\"title\",\"inputfield\":\"InputfieldRadios\",\"required\":1}');
INSERT INTO `fields` (`id`, `type`, `name`, `flags`, `label`, `data`) VALUES('110', 'FieldtypeTextareaLanguage', 'body', '0', 'Body', '{\"inputfieldClass\":\"InputfieldCKEditor\",\"contentType\":0,\"langBlankInherit\":0,\"collapsed\":0,\"minlength\":0,\"maxlength\":0,\"showCount\":0,\"rows\":5,\"toolbar\":\"Format, Styles, -, Bold, Italic, -, RemoveFormat\\nNumberedList, BulletedList, -, Blockquote\\nPWLink, Unlink, Anchor\\nPWImage, Table, HorizontalRule, SpecialChar\\nPasteText, PasteFromWord\\nScayt, -, Sourcedialog\",\"inlineMode\":0,\"useACF\":1,\"usePurifier\":1,\"toggles\":[2,4,8],\"formatTags\":\"p;h1;h2;h3;h4;h5;h6;pre;address\",\"extraPlugins\":[\"pwimage\",\"pwlink\",\"sourcedialog\"],\"removePlugins\":\"image,magicline\"}');
INSERT INTO `fields` (`id`, `type`, `name`, `flags`, `label`, `data`) VALUES('108', 'FieldtypeNotifications', 'notifications', '24', 'Notifications', '{\"collapsed\":2}');
INSERT INTO `fields` (`id`, `type`, `name`, `flags`, `label`, `data`) VALUES('109', 'FieldtypeModule', 'admin_theme', '8', 'Admin Theme', '{\"moduleTypes\":[\"AdminTheme\"],\"labelField\":\"title\",\"inputfieldClass\":\"InputfieldRadios\"}');

DROP TABLE IF EXISTS `modules`;
CREATE TABLE `modules` (
  `id` int(10) unsigned NOT NULL AUTO_INCREMENT,
  `class` varchar(128) CHARACTER SET ascii NOT NULL,
  `flags` int(11) NOT NULL DEFAULT '0',
  `data` text NOT NULL,
  `created` timestamp NOT NULL DEFAULT CURRENT_TIMESTAMP,
  PRIMARY KEY (`id`),
  UNIQUE KEY `class` (`class`)
) ENGINE=MyISAM AUTO_INCREMENT=187 DEFAULT CHARSET=utf8;

INSERT INTO `modules` (`id`, `class`, `flags`, `data`, `created`) VALUES('1', 'FieldtypeTextarea', '1', '', '2017-03-12 00:18:33');
INSERT INTO `modules` (`id`, `class`, `flags`, `data`, `created`) VALUES('2', 'FieldtypeNumber', '0', '', '2017-03-12 00:18:33');
INSERT INTO `modules` (`id`, `class`, `flags`, `data`, `created`) VALUES('3', 'FieldtypeText', '1', '', '2017-03-12 00:18:33');
INSERT INTO `modules` (`id`, `class`, `flags`, `data`, `created`) VALUES('4', 'FieldtypePage', '3', '', '2017-03-12 00:18:33');
INSERT INTO `modules` (`id`, `class`, `flags`, `data`, `created`) VALUES('30', 'InputfieldForm', '0', '', '2017-03-12 00:18:33');
INSERT INTO `modules` (`id`, `class`, `flags`, `data`, `created`) VALUES('6', 'FieldtypeFile', '1', '', '2017-03-12 00:18:33');
INSERT INTO `modules` (`id`, `class`, `flags`, `data`, `created`) VALUES('7', 'ProcessPageEdit', '1', '', '2017-03-12 00:18:33');
INSERT INTO `modules` (`id`, `class`, `flags`, `data`, `created`) VALUES('10', 'ProcessLogin', '0', '', '2017-03-12 00:18:33');
INSERT INTO `modules` (`id`, `class`, `flags`, `data`, `created`) VALUES('12', 'ProcessPageList', '0', '{\"pageLabelField\":\"title\",\"paginationLimit\":25,\"limit\":50}', '2017-03-12 00:18:33');
INSERT INTO `modules` (`id`, `class`, `flags`, `data`, `created`) VALUES('121', 'ProcessPageEditLink', '1', '', '2017-03-12 00:18:33');
INSERT INTO `modules` (`id`, `class`, `flags`, `data`, `created`) VALUES('14', 'ProcessPageSort', '0', '', '2017-03-12 00:18:33');
INSERT INTO `modules` (`id`, `class`, `flags`, `data`, `created`) VALUES('15', 'InputfieldPageListSelect', '0', '', '2017-03-12 00:18:33');
INSERT INTO `modules` (`id`, `class`, `flags`, `data`, `created`) VALUES('117', 'JqueryUI', '1', '', '2017-03-12 00:18:33');
INSERT INTO `modules` (`id`, `class`, `flags`, `data`, `created`) VALUES('17', 'ProcessPageAdd', '0', '', '2017-03-12 00:18:33');
INSERT INTO `modules` (`id`, `class`, `flags`, `data`, `created`) VALUES('125', 'SessionLoginThrottle', '11', '', '2017-03-12 00:18:33');
INSERT INTO `modules` (`id`, `class`, `flags`, `data`, `created`) VALUES('122', 'InputfieldPassword', '0', '', '2017-03-12 00:18:33');
INSERT INTO `modules` (`id`, `class`, `flags`, `data`, `created`) VALUES('25', 'InputfieldAsmSelect', '0', '', '2017-03-12 00:18:33');
INSERT INTO `modules` (`id`, `class`, `flags`, `data`, `created`) VALUES('116', 'JqueryCore', '1', '', '2017-03-12 00:18:33');
INSERT INTO `modules` (`id`, `class`, `flags`, `data`, `created`) VALUES('27', 'FieldtypeModule', '1', '', '2017-03-12 00:18:33');
INSERT INTO `modules` (`id`, `class`, `flags`, `data`, `created`) VALUES('28', 'FieldtypeDatetime', '0', '', '2017-03-12 00:18:33');
INSERT INTO `modules` (`id`, `class`, `flags`, `data`, `created`) VALUES('29', 'FieldtypeEmail', '1', '', '2017-03-12 00:18:33');
INSERT INTO `modules` (`id`, `class`, `flags`, `data`, `created`) VALUES('108', 'InputfieldURL', '0', '', '2017-03-12 00:18:33');
INSERT INTO `modules` (`id`, `class`, `flags`, `data`, `created`) VALUES('32', 'InputfieldSubmit', '0', '', '2017-03-12 00:18:33');
INSERT INTO `modules` (`id`, `class`, `flags`, `data`, `created`) VALUES('33', 'InputfieldWrapper', '0', '', '2017-03-12 00:18:33');
INSERT INTO `modules` (`id`, `class`, `flags`, `data`, `created`) VALUES('34', 'InputfieldText', '0', '', '2017-03-12 00:18:33');
INSERT INTO `modules` (`id`, `class`, `flags`, `data`, `created`) VALUES('35', 'InputfieldTextarea', '0', '', '2017-03-12 00:18:33');
INSERT INTO `modules` (`id`, `class`, `flags`, `data`, `created`) VALUES('36', 'InputfieldSelect', '0', '', '2017-03-12 00:18:33');
INSERT INTO `modules` (`id`, `class`, `flags`, `data`, `created`) VALUES('37', 'InputfieldCheckbox', '0', '', '2017-03-12 00:18:33');
INSERT INTO `modules` (`id`, `class`, `flags`, `data`, `created`) VALUES('38', 'InputfieldCheckboxes', '0', '', '2017-03-12 00:18:33');
INSERT INTO `modules` (`id`, `class`, `flags`, `data`, `created`) VALUES('39', 'InputfieldRadios', '0', '', '2017-03-12 00:18:33');
INSERT INTO `modules` (`id`, `class`, `flags`, `data`, `created`) VALUES('40', 'InputfieldHidden', '0', '', '2017-03-12 00:18:33');
INSERT INTO `modules` (`id`, `class`, `flags`, `data`, `created`) VALUES('41', 'InputfieldName', '0', '', '2017-03-12 00:18:33');
INSERT INTO `modules` (`id`, `class`, `flags`, `data`, `created`) VALUES('43', 'InputfieldSelectMultiple', '0', '', '2017-03-12 00:18:33');
INSERT INTO `modules` (`id`, `class`, `flags`, `data`, `created`) VALUES('45', 'JqueryWireTabs', '0', '', '2017-03-12 00:18:33');
INSERT INTO `modules` (`id`, `class`, `flags`, `data`, `created`) VALUES('46', 'ProcessPage', '0', '', '2017-03-12 00:18:33');
INSERT INTO `modules` (`id`, `class`, `flags`, `data`, `created`) VALUES('47', 'ProcessTemplate', '0', '', '2017-03-12 00:18:33');
INSERT INTO `modules` (`id`, `class`, `flags`, `data`, `created`) VALUES('48', 'ProcessField', '32', '', '2017-03-12 00:18:33');
INSERT INTO `modules` (`id`, `class`, `flags`, `data`, `created`) VALUES('50', 'ProcessModule', '0', '', '2017-03-12 00:18:33');
INSERT INTO `modules` (`id`, `class`, `flags`, `data`, `created`) VALUES('114', 'PagePermissions', '3', '', '2017-03-12 00:18:33');
INSERT INTO `modules` (`id`, `class`, `flags`, `data`, `created`) VALUES('97', 'FieldtypeCheckbox', '1', '', '2017-03-12 00:18:33');
INSERT INTO `modules` (`id`, `class`, `flags`, `data`, `created`) VALUES('115', 'PageRender', '3', '{\"clearCache\":1}', '2017-03-12 00:18:33');
INSERT INTO `modules` (`id`, `class`, `flags`, `data`, `created`) VALUES('55', 'InputfieldFile', '0', '', '2017-03-12 00:18:33');
INSERT INTO `modules` (`id`, `class`, `flags`, `data`, `created`) VALUES('56', 'InputfieldImage', '0', '', '2017-03-12 00:18:33');
INSERT INTO `modules` (`id`, `class`, `flags`, `data`, `created`) VALUES('57', 'FieldtypeImage', '1', '', '2017-03-12 00:18:33');
INSERT INTO `modules` (`id`, `class`, `flags`, `data`, `created`) VALUES('60', 'InputfieldPage', '0', '{\"inputfieldClasses\":[\"InputfieldSelect\",\"InputfieldSelectMultiple\",\"InputfieldCheckboxes\",\"InputfieldRadios\",\"InputfieldAsmSelect\",\"InputfieldPageListSelect\",\"InputfieldPageListSelectMultiple\",\"InputfieldPageAutocomplete\"]}', '2017-03-12 00:18:33');
INSERT INTO `modules` (`id`, `class`, `flags`, `data`, `created`) VALUES('61', 'TextformatterEntities', '0', '', '2017-03-12 00:18:33');
INSERT INTO `modules` (`id`, `class`, `flags`, `data`, `created`) VALUES('66', 'ProcessUser', '0', '{\"showFields\":[\"name\",\"email\",\"roles\"]}', '2017-03-12 00:18:33');
INSERT INTO `modules` (`id`, `class`, `flags`, `data`, `created`) VALUES('67', 'MarkupAdminDataTable', '0', '', '2017-03-12 00:18:33');
INSERT INTO `modules` (`id`, `class`, `flags`, `data`, `created`) VALUES('68', 'ProcessRole', '0', '{\"showFields\":[\"name\"]}', '2017-03-12 00:18:33');
INSERT INTO `modules` (`id`, `class`, `flags`, `data`, `created`) VALUES('76', 'ProcessList', '0', '', '2017-03-12 00:18:33');
INSERT INTO `modules` (`id`, `class`, `flags`, `data`, `created`) VALUES('78', 'InputfieldFieldset', '0', '', '2017-03-12 00:18:33');
INSERT INTO `modules` (`id`, `class`, `flags`, `data`, `created`) VALUES('79', 'InputfieldMarkup', '0', '', '2017-03-12 00:18:33');
INSERT INTO `modules` (`id`, `class`, `flags`, `data`, `created`) VALUES('80', 'InputfieldEmail', '0', '', '2017-03-12 00:18:33');
INSERT INTO `modules` (`id`, `class`, `flags`, `data`, `created`) VALUES('89', 'FieldtypeFloat', '1', '', '2017-03-12 00:18:33');
INSERT INTO `modules` (`id`, `class`, `flags`, `data`, `created`) VALUES('83', 'ProcessPageView', '0', '', '2017-03-12 00:18:33');
INSERT INTO `modules` (`id`, `class`, `flags`, `data`, `created`) VALUES('84', 'FieldtypeInteger', '0', '', '2017-03-12 00:18:33');
INSERT INTO `modules` (`id`, `class`, `flags`, `data`, `created`) VALUES('85', 'InputfieldInteger', '0', '', '2017-03-12 00:18:33');
INSERT INTO `modules` (`id`, `class`, `flags`, `data`, `created`) VALUES('86', 'InputfieldPageName', '0', '', '2017-03-12 00:18:33');
INSERT INTO `modules` (`id`, `class`, `flags`, `data`, `created`) VALUES('87', 'ProcessHome', '0', '', '2017-03-12 00:18:33');
INSERT INTO `modules` (`id`, `class`, `flags`, `data`, `created`) VALUES('90', 'InputfieldFloat', '0', '', '2017-03-12 00:18:33');
INSERT INTO `modules` (`id`, `class`, `flags`, `data`, `created`) VALUES('94', 'InputfieldDatetime', '0', '', '2017-03-12 00:18:33');
INSERT INTO `modules` (`id`, `class`, `flags`, `data`, `created`) VALUES('98', 'MarkupPagerNav', '0', '', '2017-03-12 00:18:33');
INSERT INTO `modules` (`id`, `class`, `flags`, `data`, `created`) VALUES('129', 'ProcessPageEditImageSelect', '1', '', '2017-03-12 00:18:33');
INSERT INTO `modules` (`id`, `class`, `flags`, `data`, `created`) VALUES('103', 'JqueryTableSorter', '1', '', '2017-03-12 00:18:33');
INSERT INTO `modules` (`id`, `class`, `flags`, `data`, `created`) VALUES('104', 'ProcessPageSearch', '1', '{\"searchFields\":\"title\",\"displayField\":\"title path\"}', '2017-03-12 00:18:33');
INSERT INTO `modules` (`id`, `class`, `flags`, `data`, `created`) VALUES('105', 'FieldtypeFieldsetOpen', '1', '', '2017-03-12 00:18:33');
INSERT INTO `modules` (`id`, `class`, `flags`, `data`, `created`) VALUES('106', 'FieldtypeFieldsetClose', '1', '', '2017-03-12 00:18:33');
INSERT INTO `modules` (`id`, `class`, `flags`, `data`, `created`) VALUES('107', 'FieldtypeFieldsetTabOpen', '1', '', '2017-03-12 00:18:33');
INSERT INTO `modules` (`id`, `class`, `flags`, `data`, `created`) VALUES('109', 'ProcessPageTrash', '1', '', '2017-03-12 00:18:33');
INSERT INTO `modules` (`id`, `class`, `flags`, `data`, `created`) VALUES('111', 'FieldtypePageTitle', '1', '', '2017-03-12 00:18:33');
INSERT INTO `modules` (`id`, `class`, `flags`, `data`, `created`) VALUES('112', 'InputfieldPageTitle', '0', '', '2017-03-12 00:18:33');
INSERT INTO `modules` (`id`, `class`, `flags`, `data`, `created`) VALUES('113', 'MarkupPageArray', '3', '', '2017-03-12 00:18:33');
INSERT INTO `modules` (`id`, `class`, `flags`, `data`, `created`) VALUES('131', 'InputfieldButton', '0', '', '2017-03-12 00:18:33');
INSERT INTO `modules` (`id`, `class`, `flags`, `data`, `created`) VALUES('133', 'FieldtypePassword', '1', '', '2017-03-12 00:18:33');
INSERT INTO `modules` (`id`, `class`, `flags`, `data`, `created`) VALUES('134', 'ProcessPageType', '33', '{\"showFields\":[]}', '2017-03-12 00:18:33');
INSERT INTO `modules` (`id`, `class`, `flags`, `data`, `created`) VALUES('135', 'FieldtypeURL', '1', '', '2017-03-12 00:18:33');
INSERT INTO `modules` (`id`, `class`, `flags`, `data`, `created`) VALUES('136', 'ProcessPermission', '1', '{\"showFields\":[\"name\",\"title\"]}', '2017-03-12 00:18:33');
INSERT INTO `modules` (`id`, `class`, `flags`, `data`, `created`) VALUES('137', 'InputfieldPageListSelectMultiple', '0', '', '2017-03-12 00:18:33');
INSERT INTO `modules` (`id`, `class`, `flags`, `data`, `created`) VALUES('138', 'ProcessProfile', '1', '{\"profileFields\":[\"pass\",\"email\",\"language\",\"admin_theme\"]}', '2017-03-12 00:18:33');
INSERT INTO `modules` (`id`, `class`, `flags`, `data`, `created`) VALUES('139', 'SystemUpdater', '1', '{\"systemVersion\":16,\"coreVersion\":\"3.0.85\"}', '2017-03-12 00:18:33');
INSERT INTO `modules` (`id`, `class`, `flags`, `data`, `created`) VALUES('148', 'AdminThemeDefault', '10', '{\"colors\":\"classic\"}', '2017-03-12 00:18:33');
INSERT INTO `modules` (`id`, `class`, `flags`, `data`, `created`) VALUES('149', 'InputfieldSelector', '42', '', '2017-03-12 00:18:33');
INSERT INTO `modules` (`id`, `class`, `flags`, `data`, `created`) VALUES('150', 'ProcessPageLister', '32', '', '2017-03-12 00:18:33');
INSERT INTO `modules` (`id`, `class`, `flags`, `data`, `created`) VALUES('151', 'JqueryMagnific', '1', '', '2017-03-12 00:18:33');
INSERT INTO `modules` (`id`, `class`, `flags`, `data`, `created`) VALUES('155', 'InputfieldCKEditor', '0', '', '2017-03-12 00:18:33');
INSERT INTO `modules` (`id`, `class`, `flags`, `data`, `created`) VALUES('156', 'MarkupHTMLPurifier', '0', '', '2017-03-12 00:18:33');
INSERT INTO `modules` (`id`, `class`, `flags`, `data`, `created`) VALUES('159', 'ProcessRecentPages', '1', '', '2017-03-12 00:19:08');
INSERT INTO `modules` (`id`, `class`, `flags`, `data`, `created`) VALUES('160', 'ProcessLogger', '1', '', '2017-03-12 00:19:32');
INSERT INTO `modules` (`id`, `class`, `flags`, `data`, `created`) VALUES('161', 'InputfieldIcon', '0', '', '2017-03-12 00:19:32');
INSERT INTO `modules` (`id`, `class`, `flags`, `data`, `created`) VALUES('162', 'FieldtypeRepeater', '35', '{\"repeatersRootPageID\":1019}', '2017-03-12 00:49:06');
INSERT INTO `modules` (`id`, `class`, `flags`, `data`, `created`) VALUES('163', 'InputfieldRepeater', '0', '', '2017-03-12 00:49:06');
INSERT INTO `modules` (`id`, `class`, `flags`, `data`, `created`) VALUES('164', 'InputfieldPageAutocomplete', '0', '', '2017-03-12 00:50:54');
INSERT INTO `modules` (`id`, `class`, `flags`, `data`, `created`) VALUES('171', 'MarkupSocialShareButtons', '1', '{\"namespace\":\"mssb-\",\"char_limit\":100,\"char_limit_sypnosis\":\"\\u2026\",\"title_fields\":\"headline|title\",\"text_fields\":\"description|summary|body\",\"theme\":\"\",\"show\":[\"email\",\"facebook\",\"googleplus\",\"twitter\",\"linkedin\",\"tumblr\"],\"email_url\":\"mailto:\",\"email_params\":\"?subject={title}&body=%0A%0A{url}%0A%0A{text}\",\"email_icon\":\"<i>email<\\/i>\",\"facebook_url\":\"https:\\/\\/www.facebook.com\\/sharer\\/sharer.php\",\"facebook_params\":\"?u={url}\",\"facebook_icon\":\"<i>facebook<\\/i>\",\"googleplus_url\":\"https:\\/\\/plus.google.com\\/share\",\"googleplus_params\":\"?url={url}\",\"googleplus_icon\":\"<i>google+<\\/i>\",\"twitter_url\":\"https:\\/\\/twitter.com\\/intent\\/tweet\",\"twitter_params\":\"?url={url}&text={text}&hashtags={tags}\",\"twitter_icon\":\"<i>twitter<\\/i>\",\"linkedin_url\":\"http:\\/\\/www.linkedin.com\\/shareArticle\",\"linkedin_params\":\"?mini=true&url={url}&title={title}&summary={text}&source={source}\",\"linkedin_icon\":\"<i>linkedin<\\/i>\",\"tumblr_url\":\"http:\\/\\/www.tumblr.com\\/share\\/link\",\"tumblr_params\":\"?url={url}&name={title}&description={text}\",\"tumblr_icon\":\"<i>tumblr<\\/i>\",\"reddit_url\":\"http:\\/\\/www.reddit.com\\/submit\",\"reddit_params\":\"?url={url}&title={title}\",\"reddit_icon\":\"<i>reddit<\\/i>\",\"pinterest_url\":\"https:\\/\\/pinterest.com\\/pin\\/create\\/bookmarklet\\/\",\"pinterest_params\":\"?media={media}&url={url}&description={text}\",\"pinterest_icon\":\"<i>tumblr<\\/i>\"}', '2017-12-11 13:13:26');
INSERT INTO `modules` (`id`, `class`, `flags`, `data`, `created`) VALUES('167', 'ProcessDatabaseBackups', '1', '', '2017-09-28 00:27:43');
INSERT INTO `modules` (`id`, `class`, `flags`, `data`, `created`) VALUES('168', 'LazyCron', '3', '', '2017-12-11 03:30:15');
INSERT INTO `modules` (`id`, `class`, `flags`, `data`, `created`) VALUES('169', 'CronjobDatabaseBackup', '3', '{\"cycle\":\"everyHour\",\"max\":\"\",\"deadline\":\"1 month\",\"backup_name\":\"\",\"backup_fileinfo\":\"\",\"field_storage_path\":\"\",\"backup_all\":1,\"tables\":{\"caches\":\"caches\",\"field_content\":\"field_content\",\"field_email\":\"field_email\",\"field_faq_list\":\"field_faq_list\",\"field_gallery\":\"field_gallery\",\"field_image\":\"field_image\",\"field_pass\":\"field_pass\",\"field_permissions\":\"field_permissions\",\"field_process\":\"field_process\",\"field_roles\":\"field_roles\",\"field_sitename\":\"field_sitename\",\"field_summary\":\"field_summary\",\"field_title\":\"field_title\",\"field_video\":\"field_video\",\"fieldgroups\":\"fieldgroups\",\"fieldgroups_fields\":\"fieldgroups_fields\",\"fields\":\"fields\",\"modules\":\"modules\",\"pages\":\"pages\",\"pages_access\":\"pages_access\",\"pages_parents\":\"pages_parents\",\"pages_sortfields\":\"pages_sortfields\",\"session_login_throttle\":\"session_login_throttle\",\"templates\":\"templates\"},\"cleanup\":\"\"}', '2017-12-11 03:30:15');
INSERT INTO `modules` (`id`, `class`, `flags`, `data`, `created`) VALUES('170', 'ProcessCustomUploadNames', '3', '{\"tempDisabled\":\"\",\"enabledFields\":[98,102,101],\"enabledTemplates\":[],\"enabledPages\":[],\"fileExtensions\":\"\",\"filenameFormat\":\"{$page->name}-{$file->filesize}\",\"filenameLength\":\"\",\"renameOnSave\":\"\",\"ruleData\":\"[{\\\"tempDisabled\\\":0,\\\"enabledFields\\\":[\\\"98\\\",\\\"102\\\",\\\"101\\\"],\\\"enabledTemplates\\\":null,\\\"enabledPages\\\":[\\\"\\\"],\\\"fileExtensions\\\":\\\"\\\",\\\"filenameFormat\\\":\\\"{$page->name}-{$file->filesize}\\\",\\\"filenameLength\\\":\\\"\\\",\\\"renameOnSave\\\":0}]\"}', '2017-12-11 12:58:38');
INSERT INTO `modules` (`id`, `class`, `flags`, `data`, `created`) VALUES('172', 'ProcessWireUpgradeCheck', '11', '{\"useLoginHook\":\"1\"}', '2017-12-11 16:08:46');
INSERT INTO `modules` (`id`, `class`, `flags`, `data`, `created`) VALUES('173', 'ProcessWireUpgrade', '1', '', '2017-12-11 16:08:57');
INSERT INTO `modules` (`id`, `class`, `flags`, `data`, `created`) VALUES('174', 'LanguageSupport', '35', '{\"languagesPageID\":1056,\"defaultLanguagePageID\":1057,\"otherLanguagePageIDs\":[1059],\"languageTranslatorPageID\":1058}', '2017-12-11 20:59:21');
INSERT INTO `modules` (`id`, `class`, `flags`, `data`, `created`) VALUES('175', 'ProcessLanguage', '1', '', '2017-12-11 20:59:21');
INSERT INTO `modules` (`id`, `class`, `flags`, `data`, `created`) VALUES('176', 'ProcessLanguageTranslator', '1', '', '2017-12-11 20:59:21');
INSERT INTO `modules` (`id`, `class`, `flags`, `data`, `created`) VALUES('177', 'LanguageSupportFields', '3', '', '2017-12-11 20:59:42');
INSERT INTO `modules` (`id`, `class`, `flags`, `data`, `created`) VALUES('178', 'FieldtypeTextLanguage', '1', '', '2017-12-11 20:59:42');
INSERT INTO `modules` (`id`, `class`, `flags`, `data`, `created`) VALUES('179', 'FieldtypePageTitleLanguage', '1', '', '2017-12-11 20:59:43');
INSERT INTO `modules` (`id`, `class`, `flags`, `data`, `created`) VALUES('180', 'FieldtypeTextareaLanguage', '1', '', '2017-12-11 20:59:43');
INSERT INTO `modules` (`id`, `class`, `flags`, `data`, `created`) VALUES('181', 'FieldtypeSelector', '1', '', '2017-12-11 20:59:57');
INSERT INTO `modules` (`id`, `class`, `flags`, `data`, `created`) VALUES('182', 'LanguageSupportPageNames', '3', '{\"moduleVersion\":9,\"pageNumUrlPrefix1057\":\"page\",\"useHomeSegment\":\"0\"}', '2017-12-11 21:00:15');
INSERT INTO `modules` (`id`, `class`, `flags`, `data`, `created`) VALUES('183', 'LanguageTabs', '11', '{\"tabField\":\"title\"}', '2017-12-11 21:00:33');
INSERT INTO `modules` (`id`, `class`, `flags`, `data`, `created`) VALUES('184', 'SystemNotifications', '2', '{\"disabled\":\"0\",\"trackEdits\":\"1\",\"reverse\":\"0\",\"activeHooks\":[0,1,2],\"systemUserName\":\"admin\",\"updateDelay\":5000,\"dateFormat\":\"rel\",\"iconMessage\":\"check-square-o\",\"iconWarning\":\"exclamation-circle\",\"iconError\":\"exclamation-triangle\",\"ghostDelay\":1000,\"ghostDelayError\":2000,\"ghostOpacity\":0.84999999999999997779553950749686919152736663818359375,\"ghostLimit\":20,\"ghostFadeSpeed\":\"fast\",\"ghostPos\":\"2\",\"placement\":\"0\"}', '2017-12-11 23:36:53');
INSERT INTO `modules` (`id`, `class`, `flags`, `data`, `created`) VALUES('185', 'FieldtypeNotifications', '1', '', '2017-12-11 23:36:53');
INSERT INTO `modules` (`id`, `class`, `flags`, `data`, `created`) VALUES('186', 'AdminThemeUikit', '10', '{\"useAsLogin\":\"\",\"userAvatar\":\"icon.user-circle\",\"userLabel\":\"{Name}\",\"logoAction\":\"0\",\"layout\":\"\",\"maxWidth\":1600,\"groupNotices\":\"1\",\"cssURL\":\"\",\"logoURL\":\"\",\"noBorderTypes\":[],\"offsetTypes\":[]}', '2017-12-11 23:37:19');

DROP TABLE IF EXISTS `pages`;
CREATE TABLE `pages` (
  `id` int(10) unsigned NOT NULL AUTO_INCREMENT,
  `parent_id` int(11) unsigned NOT NULL DEFAULT '0',
  `templates_id` int(11) unsigned NOT NULL DEFAULT '0',
  `name` varchar(128) CHARACTER SET ascii NOT NULL,
  `status` int(10) unsigned NOT NULL DEFAULT '1',
  `modified` timestamp NOT NULL DEFAULT CURRENT_TIMESTAMP,
  `modified_users_id` int(10) unsigned NOT NULL DEFAULT '2',
  `created` timestamp NOT NULL DEFAULT '2015-12-18 06:09:00',
  `created_users_id` int(10) unsigned NOT NULL DEFAULT '2',
  `published` datetime DEFAULT NULL,
  `sort` int(11) NOT NULL DEFAULT '0',
  `name1059` varchar(128) CHARACTER SET ascii DEFAULT NULL,
  `status1059` int(10) unsigned NOT NULL DEFAULT '1',
  PRIMARY KEY (`id`),
  UNIQUE KEY `name_parent_id` (`name`,`parent_id`),
  UNIQUE KEY `name1059_parent_id` (`name1059`,`parent_id`),
  KEY `parent_id` (`parent_id`),
  KEY `templates_id` (`templates_id`),
  KEY `modified` (`modified`),
  KEY `created` (`created`),
  KEY `status` (`status`),
  KEY `published` (`published`)
) ENGINE=MyISAM AUTO_INCREMENT=1063 DEFAULT CHARSET=utf8;

INSERT INTO `pages` (`id`, `parent_id`, `templates_id`, `name`, `status`, `modified`, `modified_users_id`, `created`, `created_users_id`, `published`, `sort`, `name1059`, `status1059`) VALUES('1', '0', '1', 'home', '9', '2017-12-12 01:13:07', '41', '2017-03-12 00:18:33', '2', '2017-03-12 00:18:33', '0', 'ru', '1');
INSERT INTO `pages` (`id`, `parent_id`, `templates_id`, `name`, `status`, `modified`, `modified_users_id`, `created`, `created_users_id`, `published`, `sort`, `name1059`, `status1059`) VALUES('2', '1', '2', 'admin', '1035', '2017-08-17 20:15:08', '40', '2017-03-12 00:18:33', '2', '2017-03-12 00:18:33', '9', NULL, '1');
INSERT INTO `pages` (`id`, `parent_id`, `templates_id`, `name`, `status`, `modified`, `modified_users_id`, `created`, `created_users_id`, `published`, `sort`, `name1059`, `status1059`) VALUES('3', '2', '2', 'page', '21', '2017-03-12 00:18:33', '41', '2017-03-12 00:18:33', '2', '2017-03-12 00:18:33', '0', NULL, '1');
INSERT INTO `pages` (`id`, `parent_id`, `templates_id`, `name`, `status`, `modified`, `modified_users_id`, `created`, `created_users_id`, `published`, `sort`, `name1059`, `status1059`) VALUES('6', '3', '2', 'add', '21', '2017-03-12 00:19:41', '40', '2017-03-12 00:18:33', '2', '2017-03-12 00:18:33', '1', NULL, '1');
INSERT INTO `pages` (`id`, `parent_id`, `templates_id`, `name`, `status`, `modified`, `modified_users_id`, `created`, `created_users_id`, `published`, `sort`, `name1059`, `status1059`) VALUES('7', '1', '2', 'trash', '1039', '2017-03-12 00:18:33', '41', '2017-03-12 00:18:33', '2', '2017-03-12 00:18:33', '10', NULL, '1');
INSERT INTO `pages` (`id`, `parent_id`, `templates_id`, `name`, `status`, `modified`, `modified_users_id`, `created`, `created_users_id`, `published`, `sort`, `name1059`, `status1059`) VALUES('8', '3', '2', 'list', '21', '2017-08-17 20:15:07', '40', '2017-03-12 00:18:33', '2', '2017-03-12 00:18:33', '0', NULL, '1');
INSERT INTO `pages` (`id`, `parent_id`, `templates_id`, `name`, `status`, `modified`, `modified_users_id`, `created`, `created_users_id`, `published`, `sort`, `name1059`, `status1059`) VALUES('9', '3', '2', 'sort', '1047', '2017-03-12 00:18:33', '41', '2017-03-12 00:18:33', '2', '2017-03-12 00:18:33', '3', NULL, '1');
INSERT INTO `pages` (`id`, `parent_id`, `templates_id`, `name`, `status`, `modified`, `modified_users_id`, `created`, `created_users_id`, `published`, `sort`, `name1059`, `status1059`) VALUES('10', '3', '2', 'edit', '1045', '2017-03-12 00:19:43', '41', '2017-03-12 00:18:33', '2', '2017-03-12 00:18:33', '4', NULL, '1');
INSERT INTO `pages` (`id`, `parent_id`, `templates_id`, `name`, `status`, `modified`, `modified_users_id`, `created`, `created_users_id`, `published`, `sort`, `name1059`, `status1059`) VALUES('11', '22', '2', 'template', '21', '2017-03-12 00:18:33', '41', '2017-03-12 00:18:33', '2', '2017-03-12 00:18:33', '0', NULL, '1');
INSERT INTO `pages` (`id`, `parent_id`, `templates_id`, `name`, `status`, `modified`, `modified_users_id`, `created`, `created_users_id`, `published`, `sort`, `name1059`, `status1059`) VALUES('16', '22', '2', 'field', '21', '2017-03-12 00:18:33', '41', '2017-03-12 00:18:33', '2', '2017-03-12 00:18:33', '2', NULL, '1');
INSERT INTO `pages` (`id`, `parent_id`, `templates_id`, `name`, `status`, `modified`, `modified_users_id`, `created`, `created_users_id`, `published`, `sort`, `name1059`, `status1059`) VALUES('21', '2', '2', 'module', '21', '2017-03-12 00:18:33', '41', '2017-03-12 00:18:33', '2', '2017-03-12 00:18:33', '2', NULL, '1');
INSERT INTO `pages` (`id`, `parent_id`, `templates_id`, `name`, `status`, `modified`, `modified_users_id`, `created`, `created_users_id`, `published`, `sort`, `name1059`, `status1059`) VALUES('22', '2', '2', 'setup', '21', '2017-03-12 00:18:33', '41', '2017-03-12 00:18:33', '2', '2017-03-12 00:18:33', '1', NULL, '1');
INSERT INTO `pages` (`id`, `parent_id`, `templates_id`, `name`, `status`, `modified`, `modified_users_id`, `created`, `created_users_id`, `published`, `sort`, `name1059`, `status1059`) VALUES('23', '2', '2', 'login', '1035', '2017-03-12 00:18:33', '41', '2017-03-12 00:18:33', '2', '2017-03-12 00:18:33', '4', NULL, '1');
INSERT INTO `pages` (`id`, `parent_id`, `templates_id`, `name`, `status`, `modified`, `modified_users_id`, `created`, `created_users_id`, `published`, `sort`, `name1059`, `status1059`) VALUES('27', '1', '43', 'http404', '1035', '2017-03-12 00:39:55', '41', '2017-03-12 00:18:33', '3', '2017-03-12 00:18:33', '8', NULL, '1');
INSERT INTO `pages` (`id`, `parent_id`, `templates_id`, `name`, `status`, `modified`, `modified_users_id`, `created`, `created_users_id`, `published`, `sort`, `name1059`, `status1059`) VALUES('28', '2', '2', 'access', '13', '2017-03-12 00:18:33', '41', '2017-03-12 00:18:33', '2', '2017-03-12 00:18:33', '3', NULL, '1');
INSERT INTO `pages` (`id`, `parent_id`, `templates_id`, `name`, `status`, `modified`, `modified_users_id`, `created`, `created_users_id`, `published`, `sort`, `name1059`, `status1059`) VALUES('29', '28', '2', 'users', '29', '2017-03-12 00:18:33', '41', '2017-03-12 00:18:33', '2', '2017-03-12 00:18:33', '0', NULL, '1');
INSERT INTO `pages` (`id`, `parent_id`, `templates_id`, `name`, `status`, `modified`, `modified_users_id`, `created`, `created_users_id`, `published`, `sort`, `name1059`, `status1059`) VALUES('30', '28', '2', 'roles', '29', '2017-03-12 00:18:33', '41', '2017-03-12 00:18:33', '2', '2017-03-12 00:18:33', '1', NULL, '1');
INSERT INTO `pages` (`id`, `parent_id`, `templates_id`, `name`, `status`, `modified`, `modified_users_id`, `created`, `created_users_id`, `published`, `sort`, `name1059`, `status1059`) VALUES('31', '28', '2', 'permissions', '29', '2017-03-12 00:18:33', '41', '2017-03-12 00:18:33', '2', '2017-03-12 00:18:33', '2', NULL, '1');
INSERT INTO `pages` (`id`, `parent_id`, `templates_id`, `name`, `status`, `modified`, `modified_users_id`, `created`, `created_users_id`, `published`, `sort`, `name1059`, `status1059`) VALUES('32', '31', '5', 'page-edit', '25', '2017-03-12 00:18:33', '41', '2017-03-12 00:18:33', '2', '2017-03-12 00:18:33', '2', NULL, '1');
INSERT INTO `pages` (`id`, `parent_id`, `templates_id`, `name`, `status`, `modified`, `modified_users_id`, `created`, `created_users_id`, `published`, `sort`, `name1059`, `status1059`) VALUES('34', '31', '5', 'page-delete', '25', '2017-03-12 00:18:33', '41', '2017-03-12 00:18:33', '2', '2017-03-12 00:18:33', '3', NULL, '1');
INSERT INTO `pages` (`id`, `parent_id`, `templates_id`, `name`, `status`, `modified`, `modified_users_id`, `created`, `created_users_id`, `published`, `sort`, `name1059`, `status1059`) VALUES('35', '31', '5', 'page-move', '25', '2017-03-12 00:18:33', '41', '2017-03-12 00:18:33', '2', '2017-03-12 00:18:33', '4', NULL, '1');
INSERT INTO `pages` (`id`, `parent_id`, `templates_id`, `name`, `status`, `modified`, `modified_users_id`, `created`, `created_users_id`, `published`, `sort`, `name1059`, `status1059`) VALUES('36', '31', '5', 'page-view', '25', '2017-03-12 00:18:33', '41', '2017-03-12 00:18:33', '2', '2017-03-12 00:18:33', '0', NULL, '1');
INSERT INTO `pages` (`id`, `parent_id`, `templates_id`, `name`, `status`, `modified`, `modified_users_id`, `created`, `created_users_id`, `published`, `sort`, `name1059`, `status1059`) VALUES('37', '30', '4', 'guest', '25', '2017-03-12 00:18:33', '41', '2017-03-12 00:18:33', '2', '2017-03-12 00:18:33', '0', NULL, '1');
INSERT INTO `pages` (`id`, `parent_id`, `templates_id`, `name`, `status`, `modified`, `modified_users_id`, `created`, `created_users_id`, `published`, `sort`, `name1059`, `status1059`) VALUES('38', '30', '4', 'superuser', '25', '2017-03-12 00:18:33', '41', '2017-03-12 00:18:33', '2', '2017-03-12 00:18:33', '1', NULL, '1');
INSERT INTO `pages` (`id`, `parent_id`, `templates_id`, `name`, `status`, `modified`, `modified_users_id`, `created`, `created_users_id`, `published`, `sort`, `name1059`, `status1059`) VALUES('41', '29', '3', 'admin', '1', '2017-12-11 23:37:47', '41', '2017-03-12 00:18:33', '2', '2017-03-12 00:18:33', '0', NULL, '1');
INSERT INTO `pages` (`id`, `parent_id`, `templates_id`, `name`, `status`, `modified`, `modified_users_id`, `created`, `created_users_id`, `published`, `sort`, `name1059`, `status1059`) VALUES('40', '29', '3', 'guest', '25', '2017-12-12 00:40:49', '41', '2017-03-12 00:18:33', '2', '2017-03-12 00:18:33', '1', NULL, '1');
INSERT INTO `pages` (`id`, `parent_id`, `templates_id`, `name`, `status`, `modified`, `modified_users_id`, `created`, `created_users_id`, `published`, `sort`, `name1059`, `status1059`) VALUES('50', '31', '5', 'page-sort', '25', '2017-03-12 00:18:33', '41', '2017-03-12 00:18:33', '41', '2017-03-12 00:18:33', '5', NULL, '1');
INSERT INTO `pages` (`id`, `parent_id`, `templates_id`, `name`, `status`, `modified`, `modified_users_id`, `created`, `created_users_id`, `published`, `sort`, `name1059`, `status1059`) VALUES('51', '31', '5', 'page-template', '25', '2017-03-12 00:18:33', '41', '2017-03-12 00:18:33', '41', '2017-03-12 00:18:33', '6', NULL, '1');
INSERT INTO `pages` (`id`, `parent_id`, `templates_id`, `name`, `status`, `modified`, `modified_users_id`, `created`, `created_users_id`, `published`, `sort`, `name1059`, `status1059`) VALUES('52', '31', '5', 'user-admin', '25', '2017-03-12 00:18:33', '41', '2017-03-12 00:18:33', '41', '2017-03-12 00:18:33', '10', NULL, '1');
INSERT INTO `pages` (`id`, `parent_id`, `templates_id`, `name`, `status`, `modified`, `modified_users_id`, `created`, `created_users_id`, `published`, `sort`, `name1059`, `status1059`) VALUES('53', '31', '5', 'profile-edit', '1', '2017-03-12 00:18:33', '41', '2017-03-12 00:18:33', '41', '2017-03-12 00:18:33', '13', NULL, '1');
INSERT INTO `pages` (`id`, `parent_id`, `templates_id`, `name`, `status`, `modified`, `modified_users_id`, `created`, `created_users_id`, `published`, `sort`, `name1059`, `status1059`) VALUES('54', '31', '5', 'page-lock', '1', '2017-03-12 00:18:33', '41', '2017-03-12 00:18:33', '41', '2017-03-12 00:18:33', '8', NULL, '1');
INSERT INTO `pages` (`id`, `parent_id`, `templates_id`, `name`, `status`, `modified`, `modified_users_id`, `created`, `created_users_id`, `published`, `sort`, `name1059`, `status1059`) VALUES('300', '3', '2', 'search', '1045', '2017-03-12 00:18:33', '41', '2017-03-12 00:18:33', '2', '2017-03-12 00:18:33', '6', NULL, '1');
INSERT INTO `pages` (`id`, `parent_id`, `templates_id`, `name`, `status`, `modified`, `modified_users_id`, `created`, `created_users_id`, `published`, `sort`, `name1059`, `status1059`) VALUES('301', '3', '2', 'trash', '1047', '2017-03-12 00:18:33', '41', '2017-03-12 00:18:33', '2', '2017-03-12 00:18:33', '6', NULL, '1');
INSERT INTO `pages` (`id`, `parent_id`, `templates_id`, `name`, `status`, `modified`, `modified_users_id`, `created`, `created_users_id`, `published`, `sort`, `name1059`, `status1059`) VALUES('302', '3', '2', 'link', '1041', '2017-03-12 00:18:33', '41', '2017-03-12 00:18:33', '2', '2017-03-12 00:18:33', '7', NULL, '1');
INSERT INTO `pages` (`id`, `parent_id`, `templates_id`, `name`, `status`, `modified`, `modified_users_id`, `created`, `created_users_id`, `published`, `sort`, `name1059`, `status1059`) VALUES('303', '3', '2', 'image', '1041', '2017-03-12 00:18:33', '41', '2017-03-12 00:18:33', '2', '2017-03-12 00:18:33', '8', NULL, '1');
INSERT INTO `pages` (`id`, `parent_id`, `templates_id`, `name`, `status`, `modified`, `modified_users_id`, `created`, `created_users_id`, `published`, `sort`, `name1059`, `status1059`) VALUES('304', '2', '2', 'profile', '1025', '2017-03-12 00:18:33', '41', '2017-03-12 00:18:33', '41', '2017-03-12 00:18:33', '5', NULL, '1');
INSERT INTO `pages` (`id`, `parent_id`, `templates_id`, `name`, `status`, `modified`, `modified_users_id`, `created`, `created_users_id`, `published`, `sort`, `name1059`, `status1059`) VALUES('1006', '31', '5', 'page-lister', '1', '2017-03-12 00:18:33', '40', '2017-03-12 00:18:33', '40', '2017-03-12 00:18:33', '9', NULL, '1');
INSERT INTO `pages` (`id`, `parent_id`, `templates_id`, `name`, `status`, `modified`, `modified_users_id`, `created`, `created_users_id`, `published`, `sort`, `name1059`, `status1059`) VALUES('1007', '3', '2', 'lister', '1', '2017-03-12 00:18:33', '40', '2017-03-12 00:18:33', '40', '2017-03-12 00:18:33', '9', NULL, '1');
INSERT INTO `pages` (`id`, `parent_id`, `templates_id`, `name`, `status`, `modified`, `modified_users_id`, `created`, `created_users_id`, `published`, `sort`, `name1059`, `status1059`) VALUES('1010', '3', '2', 'recent-pages', '1', '2017-03-12 00:19:08', '40', '2017-03-12 00:19:08', '40', '2017-03-12 00:19:08', '10', NULL, '1');
INSERT INTO `pages` (`id`, `parent_id`, `templates_id`, `name`, `status`, `modified`, `modified_users_id`, `created`, `created_users_id`, `published`, `sort`, `name1059`, `status1059`) VALUES('1011', '31', '5', 'page-edit-recent', '1', '2017-03-12 00:19:08', '40', '2017-03-12 00:19:08', '40', '2017-03-12 00:19:08', '10', NULL, '1');
INSERT INTO `pages` (`id`, `parent_id`, `templates_id`, `name`, `status`, `modified`, `modified_users_id`, `created`, `created_users_id`, `published`, `sort`, `name1059`, `status1059`) VALUES('1012', '22', '2', 'logs', '1', '2017-03-12 00:19:32', '40', '2017-03-12 00:19:32', '40', '2017-03-12 00:19:32', '2', NULL, '1');
INSERT INTO `pages` (`id`, `parent_id`, `templates_id`, `name`, `status`, `modified`, `modified_users_id`, `created`, `created_users_id`, `published`, `sort`, `name1059`, `status1059`) VALUES('1013', '31', '5', 'logs-view', '1', '2017-03-12 00:19:32', '40', '2017-03-12 00:19:32', '40', '2017-03-12 00:19:32', '11', NULL, '1');
INSERT INTO `pages` (`id`, `parent_id`, `templates_id`, `name`, `status`, `modified`, `modified_users_id`, `created`, `created_users_id`, `published`, `sort`, `name1059`, `status1059`) VALUES('1014', '31', '5', 'logs-edit', '1', '2017-03-12 00:19:32', '40', '2017-03-12 00:19:32', '40', '2017-03-12 00:19:32', '12', NULL, '1');
INSERT INTO `pages` (`id`, `parent_id`, `templates_id`, `name`, `status`, `modified`, `modified_users_id`, `created`, `created_users_id`, `published`, `sort`, `name1059`, `status1059`) VALUES('1015', '1', '44', 'api', '1025', '2017-03-12 02:47:15', '41', '2017-03-12 00:41:57', '41', '2017-03-12 00:41:57', '7', NULL, '1');
INSERT INTO `pages` (`id`, `parent_id`, `templates_id`, `name`, `status`, `modified`, `modified_users_id`, `created`, `created_users_id`, `published`, `sort`, `name1059`, `status1059`) VALUES('1016', '1015', '46', 'nav', '1', '2017-03-12 00:44:46', '41', '2017-03-12 00:44:46', '41', '2017-03-12 00:44:46', '0', NULL, '1');
INSERT INTO `pages` (`id`, `parent_id`, `templates_id`, `name`, `status`, `modified`, `modified_users_id`, `created`, `created_users_id`, `published`, `sort`, `name1059`, `status1059`) VALUES('1017', '1015', '45', 'pages', '1', '2017-03-12 00:45:03', '41', '2017-03-12 00:45:03', '41', '2017-03-12 00:45:03', '1', NULL, '1');
INSERT INTO `pages` (`id`, `parent_id`, `templates_id`, `name`, `status`, `modified`, `modified_users_id`, `created`, `created_users_id`, `published`, `sort`, `name1059`, `status1059`) VALUES('1019', '2', '2', 'repeaters', '1036', '2017-03-12 00:49:06', '41', '2017-03-12 00:49:06', '41', '2017-03-12 00:49:06', '6', NULL, '1');
INSERT INTO `pages` (`id`, `parent_id`, `templates_id`, `name`, `status`, `modified`, `modified_users_id`, `created`, `created_users_id`, `published`, `sort`, `name1059`, `status1059`) VALUES('1020', '1019', '2', 'for-field-99', '17', '2017-03-12 00:49:30', '41', '2017-03-12 00:49:30', '41', '2017-03-12 00:49:30', '0', NULL, '1');
INSERT INTO `pages` (`id`, `parent_id`, `templates_id`, `name`, `status`, `modified`, `modified_users_id`, `created`, `created_users_id`, `published`, `sort`, `name1059`, `status1059`) VALUES('1025', '1', '50', 'mis-on-smart', '1', '2017-12-12 00:55:10', '41', '2017-03-12 00:54:40', '41', '2017-03-12 00:54:50', '3', NULL, '1');
INSERT INTO `pages` (`id`, `parent_id`, `templates_id`, `name`, `status`, `modified`, `modified_users_id`, `created`, `created_users_id`, `published`, `sort`, `name1059`, `status1059`) VALUES('1041', '1027', '51', 'internetipangast', '1', '2017-12-11 12:47:37', '41', '2017-09-28 02:30:51', '41', '2017-09-28 02:31:32', '0', NULL, '1');
INSERT INTO `pages` (`id`, `parent_id`, `templates_id`, `name`, `status`, `modified`, `modified_users_id`, `created`, `created_users_id`, `published`, `sort`, `name1059`, `status1059`) VALUES('1027', '1', '50', 'laadimine', '1', '2017-12-11 12:45:31', '41', '2017-03-12 00:55:02', '41', '2017-03-12 00:55:08', '4', NULL, '1');
INSERT INTO `pages` (`id`, `parent_id`, `templates_id`, `name`, `status`, `modified`, `modified_users_id`, `created`, `created_users_id`, `published`, `sort`, `name1059`, `status1059`) VALUES('1047', '1027', '51', 'pangakontolt', '1', '2017-12-11 12:49:55', '41', '2017-12-11 12:48:20', '41', '2017-12-11 12:49:55', '1', NULL, '1');
INSERT INTO `pages` (`id`, `parent_id`, `templates_id`, `name`, `status`, `modified`, `modified_users_id`, `created`, `created_users_id`, `published`, `sort`, `name1059`, `status1059`) VALUES('1029', '1025', '50', 'soodne', '1', '2017-12-12 00:55:32', '41', '2017-03-12 13:19:20', '41', '2017-03-12 13:19:27', '0', NULL, '1');
INSERT INTO `pages` (`id`, `parent_id`, `templates_id`, `name`, `status`, `modified`, `modified_users_id`, `created`, `created_users_id`, `published`, `sort`, `name1059`, `status1059`) VALUES('1031', '1025', '50', 'uleminek-tele2-konekaardilt-smart-konekaardile', '1', '2017-12-12 00:56:12', '41', '2017-03-12 13:19:36', '41', '2017-03-12 13:19:44', '1', NULL, '1');
INSERT INTO `pages` (`id`, `parent_id`, `templates_id`, `name`, `status`, `modified`, `modified_users_id`, `created`, `created_users_id`, `published`, `sort`, `name1059`, `status1059`) VALUES('1051', '1045', '50', 'paketid', '1', '2017-12-11 13:22:31', '41', '2017-12-11 13:21:48', '41', '2017-12-11 13:22:16', '0', NULL, '1');
INSERT INTO `pages` (`id`, `parent_id`, `templates_id`, `name`, `status`, `modified`, `modified_users_id`, `created`, `created_users_id`, `published`, `sort`, `name1059`, `status1059`) VALUES('1033', '1025', '50', 'uleminek-smart-konekaardilt-tele2-konekaardile', '1', '2017-12-12 00:56:39', '41', '2017-03-12 13:19:58', '41', '2017-03-12 13:20:02', '2', NULL, '1');
INSERT INTO `pages` (`id`, `parent_id`, `templates_id`, `name`, `status`, `modified`, `modified_users_id`, `created`, `created_users_id`, `published`, `sort`, `name1059`, `status1059`) VALUES('1043', '1', '50', 'hinnad', '1', '2017-12-11 13:19:00', '41', '2017-09-28 06:14:46', '41', '2017-09-28 06:14:49', '5', NULL, '1');
INSERT INTO `pages` (`id`, `parent_id`, `templates_id`, `name`, `status`, `modified`, `modified_users_id`, `created`, `created_users_id`, `published`, `sort`, `name1059`, `status1059`) VALUES('1036', '22', '2', 'db-backups', '1', '2017-09-28 00:27:43', '41', '2017-09-28 00:27:43', '41', '2017-09-28 00:27:43', '3', NULL, '1');
INSERT INTO `pages` (`id`, `parent_id`, `templates_id`, `name`, `status`, `modified`, `modified_users_id`, `created`, `created_users_id`, `published`, `sort`, `name1059`, `status1059`) VALUES('1037', '31', '5', 'db-backup', '1', '2017-09-28 00:27:43', '41', '2017-09-28 00:27:43', '41', '2017-09-28 00:27:43', '13', NULL, '1');
INSERT INTO `pages` (`id`, `parent_id`, `templates_id`, `name`, `status`, `modified`, `modified_users_id`, `created`, `created_users_id`, `published`, `sort`, `name1059`, `status1059`) VALUES('1045', '1043', '50', 'smsi-kohaletoimetamise-raport', '1', '2017-12-11 13:21:20', '41', '2017-09-28 06:20:54', '41', '2017-09-28 06:21:01', '0', NULL, '1');
INSERT INTO `pages` (`id`, `parent_id`, `templates_id`, `name`, `status`, `modified`, `modified_users_id`, `created`, `created_users_id`, `published`, `sort`, `name1059`, `status1059`) VALUES('1052', '1043', '50', 'internet-mobiilis', '1', '2017-12-11 13:24:59', '41', '2017-12-11 13:24:27', '41', '2017-12-11 13:24:59', '1', NULL, '1');
INSERT INTO `pages` (`id`, `parent_id`, `templates_id`, `name`, `status`, `modified`, `modified_users_id`, `created`, `created_users_id`, `published`, `sort`, `name1059`, `status1059`) VALUES('1048', '1027', '51', 'mobiiltelefonilt', '1', '2017-12-11 12:52:01', '41', '2017-12-11 12:50:19', '41', '2017-12-11 12:50:58', '2', NULL, '1');
INSERT INTO `pages` (`id`, `parent_id`, `templates_id`, `name`, `status`, `modified`, `modified_users_id`, `created`, `created_users_id`, `published`, `sort`, `name1059`, `status1059`) VALUES('1049', '1027', '51', 'laadi-mind', '1', '2017-12-11 12:55:06', '41', '2017-12-11 12:54:24', '41', '2017-12-11 12:55:06', '3', NULL, '1');
INSERT INTO `pages` (`id`, `parent_id`, `templates_id`, `name`, `status`, `modified`, `modified_users_id`, `created`, `created_users_id`, `published`, `sort`, `name1059`, `status1059`) VALUES('1050', '1027', '51', 'laadimiskaardiga', '1', '2017-12-11 12:58:04', '41', '2017-12-11 12:56:12', '41', '2017-12-11 12:57:02', '4', NULL, '1');
INSERT INTO `pages` (`id`, `parent_id`, `templates_id`, `name`, `status`, `modified`, `modified_users_id`, `created`, `created_users_id`, `published`, `sort`, `name1059`, `status1059`) VALUES('1053', '1043', '50', 'korduvad-interneti-paketid', '1', '2017-12-11 15:58:02', '41', '2017-12-11 13:25:55', '41', '2017-12-11 15:56:45', '2', NULL, '1');
INSERT INTO `pages` (`id`, `parent_id`, `templates_id`, `name`, `status`, `modified`, `modified_users_id`, `created`, `created_users_id`, `published`, `sort`, `name1059`, `status1059`) VALUES('1054', '22', '2', 'upgrades', '1', '2017-12-11 16:08:57', '41', '2017-12-11 16:08:57', '41', '2017-12-11 16:08:57', '4', NULL, '1');
INSERT INTO `pages` (`id`, `parent_id`, `templates_id`, `name`, `status`, `modified`, `modified_users_id`, `created`, `created_users_id`, `published`, `sort`, `name1059`, `status1059`) VALUES('1055', '31', '5', 'lang-edit', '1', '2017-12-11 20:59:21', '41', '2017-12-11 20:59:21', '41', '2017-12-11 20:59:21', '14', NULL, '1');
INSERT INTO `pages` (`id`, `parent_id`, `templates_id`, `name`, `status`, `modified`, `modified_users_id`, `created`, `created_users_id`, `published`, `sort`, `name1059`, `status1059`) VALUES('1056', '22', '2', 'languages', '16', '2017-12-11 20:59:21', '41', '2017-12-11 20:59:21', '41', '2017-12-11 20:59:21', '5', NULL, '1');
INSERT INTO `pages` (`id`, `parent_id`, `templates_id`, `name`, `status`, `modified`, `modified_users_id`, `created`, `created_users_id`, `published`, `sort`, `name1059`, `status1059`) VALUES('1057', '1056', '52', 'default', '16', '2017-12-12 00:22:23', '41', '2017-12-11 20:59:21', '41', '2017-12-11 20:59:21', '0', NULL, '1');
INSERT INTO `pages` (`id`, `parent_id`, `templates_id`, `name`, `status`, `modified`, `modified_users_id`, `created`, `created_users_id`, `published`, `sort`, `name1059`, `status1059`) VALUES('1058', '22', '2', 'language-translator', '1040', '2017-12-11 20:59:21', '41', '2017-12-11 20:59:21', '41', '2017-12-11 20:59:21', '6', NULL, '1');
INSERT INTO `pages` (`id`, `parent_id`, `templates_id`, `name`, `status`, `modified`, `modified_users_id`, `created`, `created_users_id`, `published`, `sort`, `name1059`, `status1059`) VALUES('1059', '1056', '52', 'russian', '1', '2017-12-12 00:23:22', '41', '2017-12-11 23:17:01', '41', '2017-12-11 23:17:01', '1', NULL, '1');
INSERT INTO `pages` (`id`, `parent_id`, `templates_id`, `name`, `status`, `modified`, `modified_users_id`, `created`, `created_users_id`, `published`, `sort`, `name1059`, `status1059`) VALUES('1061', '2', '2', 'todo', '1', '2017-12-12 00:51:52', '41', '2017-12-12 00:35:46', '41', '2017-12-12 00:39:49', '7', NULL, '1');

DROP TABLE IF EXISTS `pages_access`;
CREATE TABLE `pages_access` (
  `pages_id` int(11) NOT NULL,
  `templates_id` int(11) NOT NULL,
  `ts` timestamp NOT NULL DEFAULT CURRENT_TIMESTAMP ON UPDATE CURRENT_TIMESTAMP,
  PRIMARY KEY (`pages_id`),
  KEY `templates_id` (`templates_id`)
) ENGINE=MyISAM DEFAULT CHARSET=utf8;

INSERT INTO `pages_access` (`pages_id`, `templates_id`, `ts`) VALUES('37', '2', '2017-03-12 00:18:33');
INSERT INTO `pages_access` (`pages_id`, `templates_id`, `ts`) VALUES('38', '2', '2017-03-12 00:18:33');
INSERT INTO `pages_access` (`pages_id`, `templates_id`, `ts`) VALUES('32', '2', '2017-03-12 00:18:33');
INSERT INTO `pages_access` (`pages_id`, `templates_id`, `ts`) VALUES('34', '2', '2017-03-12 00:18:33');
INSERT INTO `pages_access` (`pages_id`, `templates_id`, `ts`) VALUES('35', '2', '2017-03-12 00:18:33');
INSERT INTO `pages_access` (`pages_id`, `templates_id`, `ts`) VALUES('36', '2', '2017-03-12 00:18:33');
INSERT INTO `pages_access` (`pages_id`, `templates_id`, `ts`) VALUES('50', '2', '2017-03-12 00:18:33');
INSERT INTO `pages_access` (`pages_id`, `templates_id`, `ts`) VALUES('51', '2', '2017-03-12 00:18:33');
INSERT INTO `pages_access` (`pages_id`, `templates_id`, `ts`) VALUES('52', '2', '2017-03-12 00:18:33');
INSERT INTO `pages_access` (`pages_id`, `templates_id`, `ts`) VALUES('53', '2', '2017-03-12 00:18:33');
INSERT INTO `pages_access` (`pages_id`, `templates_id`, `ts`) VALUES('54', '2', '2017-03-12 00:18:33');
INSERT INTO `pages_access` (`pages_id`, `templates_id`, `ts`) VALUES('1006', '2', '2017-03-12 00:18:33');
INSERT INTO `pages_access` (`pages_id`, `templates_id`, `ts`) VALUES('1011', '2', '2017-03-12 00:19:08');
INSERT INTO `pages_access` (`pages_id`, `templates_id`, `ts`) VALUES('1013', '2', '2017-03-12 00:19:32');
INSERT INTO `pages_access` (`pages_id`, `templates_id`, `ts`) VALUES('1014', '2', '2017-03-12 00:19:32');
INSERT INTO `pages_access` (`pages_id`, `templates_id`, `ts`) VALUES('27', '1', '2017-03-12 00:39:55');
INSERT INTO `pages_access` (`pages_id`, `templates_id`, `ts`) VALUES('1015', '1', '2017-03-12 00:41:57');
INSERT INTO `pages_access` (`pages_id`, `templates_id`, `ts`) VALUES('1016', '1', '2017-03-12 00:44:46');
INSERT INTO `pages_access` (`pages_id`, `templates_id`, `ts`) VALUES('1017', '1', '2017-03-12 00:45:03');
INSERT INTO `pages_access` (`pages_id`, `templates_id`, `ts`) VALUES('1025', '1', '2017-03-12 00:54:40');
INSERT INTO `pages_access` (`pages_id`, `templates_id`, `ts`) VALUES('1027', '1', '2017-03-12 00:55:02');
INSERT INTO `pages_access` (`pages_id`, `templates_id`, `ts`) VALUES('1045', '1', '2017-12-11 13:20:13');
INSERT INTO `pages_access` (`pages_id`, `templates_id`, `ts`) VALUES('1043', '1', '2017-09-28 06:14:46');
INSERT INTO `pages_access` (`pages_id`, `templates_id`, `ts`) VALUES('1047', '1', '2017-12-11 12:48:20');
INSERT INTO `pages_access` (`pages_id`, `templates_id`, `ts`) VALUES('1037', '2', '2017-09-28 00:27:43');
INSERT INTO `pages_access` (`pages_id`, `templates_id`, `ts`) VALUES('1033', '1', '2017-12-11 03:22:18');
INSERT INTO `pages_access` (`pages_id`, `templates_id`, `ts`) VALUES('1048', '1', '2017-12-11 12:50:19');
INSERT INTO `pages_access` (`pages_id`, `templates_id`, `ts`) VALUES('1049', '1', '2017-12-11 12:54:24');
INSERT INTO `pages_access` (`pages_id`, `templates_id`, `ts`) VALUES('1050', '1', '2017-12-11 12:56:12');
INSERT INTO `pages_access` (`pages_id`, `templates_id`, `ts`) VALUES('1051', '1', '2017-12-11 13:21:48');
INSERT INTO `pages_access` (`pages_id`, `templates_id`, `ts`) VALUES('1052', '1', '2017-12-11 13:24:28');
INSERT INTO `pages_access` (`pages_id`, `templates_id`, `ts`) VALUES('1053', '1', '2017-12-11 13:25:55');
INSERT INTO `pages_access` (`pages_id`, `templates_id`, `ts`) VALUES('1055', '2', '2017-12-11 20:59:21');
INSERT INTO `pages_access` (`pages_id`, `templates_id`, `ts`) VALUES('1057', '2', '2017-12-11 20:59:21');
INSERT INTO `pages_access` (`pages_id`, `templates_id`, `ts`) VALUES('1059', '2', '2017-12-11 23:17:01');

DROP TABLE IF EXISTS `pages_parents`;
CREATE TABLE `pages_parents` (
  `pages_id` int(10) unsigned NOT NULL,
  `parents_id` int(10) unsigned NOT NULL,
  PRIMARY KEY (`pages_id`,`parents_id`)
) ENGINE=MyISAM DEFAULT CHARSET=utf8;

INSERT INTO `pages_parents` (`pages_id`, `parents_id`) VALUES('2', '1');
INSERT INTO `pages_parents` (`pages_id`, `parents_id`) VALUES('3', '1');
INSERT INTO `pages_parents` (`pages_id`, `parents_id`) VALUES('3', '2');
INSERT INTO `pages_parents` (`pages_id`, `parents_id`) VALUES('22', '1');
INSERT INTO `pages_parents` (`pages_id`, `parents_id`) VALUES('22', '2');
INSERT INTO `pages_parents` (`pages_id`, `parents_id`) VALUES('28', '1');
INSERT INTO `pages_parents` (`pages_id`, `parents_id`) VALUES('28', '2');
INSERT INTO `pages_parents` (`pages_id`, `parents_id`) VALUES('29', '1');
INSERT INTO `pages_parents` (`pages_id`, `parents_id`) VALUES('29', '2');
INSERT INTO `pages_parents` (`pages_id`, `parents_id`) VALUES('29', '28');
INSERT INTO `pages_parents` (`pages_id`, `parents_id`) VALUES('30', '1');
INSERT INTO `pages_parents` (`pages_id`, `parents_id`) VALUES('30', '2');
INSERT INTO `pages_parents` (`pages_id`, `parents_id`) VALUES('30', '28');
INSERT INTO `pages_parents` (`pages_id`, `parents_id`) VALUES('31', '1');
INSERT INTO `pages_parents` (`pages_id`, `parents_id`) VALUES('31', '2');
INSERT INTO `pages_parents` (`pages_id`, `parents_id`) VALUES('31', '28');
INSERT INTO `pages_parents` (`pages_id`, `parents_id`) VALUES('1019', '2');
INSERT INTO `pages_parents` (`pages_id`, `parents_id`) VALUES('1020', '2');
INSERT INTO `pages_parents` (`pages_id`, `parents_id`) VALUES('1020', '1019');
INSERT INTO `pages_parents` (`pages_id`, `parents_id`) VALUES('1045', '1043');
INSERT INTO `pages_parents` (`pages_id`, `parents_id`) VALUES('1056', '2');
INSERT INTO `pages_parents` (`pages_id`, `parents_id`) VALUES('1056', '22');

DROP TABLE IF EXISTS `pages_sortfields`;
CREATE TABLE `pages_sortfields` (
  `pages_id` int(10) unsigned NOT NULL DEFAULT '0',
  `sortfield` varchar(20) NOT NULL DEFAULT '',
  PRIMARY KEY (`pages_id`)
) ENGINE=MyISAM DEFAULT CHARSET=utf8;


DROP TABLE IF EXISTS `session_login_throttle`;
CREATE TABLE `session_login_throttle` (
  `name` varchar(128) NOT NULL,
  `attempts` int(10) unsigned NOT NULL DEFAULT '0',
  `last_attempt` int(10) unsigned NOT NULL,
  PRIMARY KEY (`name`)
) ENGINE=MyISAM DEFAULT CHARSET=utf8;

INSERT INTO `session_login_throttle` (`name`, `attempts`, `last_attempt`) VALUES('admin', '1', '1513030876');

DROP TABLE IF EXISTS `templates`;
CREATE TABLE `templates` (
  `id` int(10) unsigned NOT NULL AUTO_INCREMENT,
  `name` varchar(250) CHARACTER SET ascii NOT NULL,
  `fieldgroups_id` int(10) unsigned NOT NULL DEFAULT '0',
  `flags` int(11) NOT NULL DEFAULT '0',
  `cache_time` mediumint(9) NOT NULL DEFAULT '0',
  `data` text NOT NULL,
  PRIMARY KEY (`id`),
  UNIQUE KEY `name` (`name`),
  KEY `fieldgroups_id` (`fieldgroups_id`)
) ENGINE=MyISAM AUTO_INCREMENT=53 DEFAULT CHARSET=utf8;

INSERT INTO `templates` (`id`, `name`, `fieldgroups_id`, `flags`, `cache_time`, `data`) VALUES('2', 'admin', '2', '8', '0', '{\"useRoles\":1,\"parentTemplates\":[2],\"allowPageNum\":1,\"redirectLogin\":23,\"slashUrls\":1,\"noGlobal\":1,\"compile\":3,\"modified\":1513032752,\"ns\":\"ProcessWire\"}');
INSERT INTO `templates` (`id`, `name`, `fieldgroups_id`, `flags`, `cache_time`, `data`) VALUES('3', 'user', '3', '8', '0', '{\"useRoles\":1,\"noChildren\":1,\"parentTemplates\":[2],\"slashUrls\":1,\"pageClass\":\"User\",\"noGlobal\":1,\"noMove\":1,\"noTrash\":1,\"noSettings\":1,\"noChangeTemplate\":1,\"nameContentTab\":1}');
INSERT INTO `templates` (`id`, `name`, `fieldgroups_id`, `flags`, `cache_time`, `data`) VALUES('4', 'role', '4', '8', '0', '{\"noChildren\":1,\"parentTemplates\":[2],\"slashUrls\":1,\"pageClass\":\"Role\",\"noGlobal\":1,\"noMove\":1,\"noTrash\":1,\"noSettings\":1,\"noChangeTemplate\":1,\"nameContentTab\":1}');
INSERT INTO `templates` (`id`, `name`, `fieldgroups_id`, `flags`, `cache_time`, `data`) VALUES('5', 'permission', '5', '8', '0', '{\"noChildren\":1,\"parentTemplates\":[2],\"slashUrls\":1,\"guestSearchable\":1,\"pageClass\":\"Permission\",\"noGlobal\":1,\"noMove\":1,\"noTrash\":1,\"noSettings\":1,\"noChangeTemplate\":1,\"nameContentTab\":1}');
INSERT INTO `templates` (`id`, `name`, `fieldgroups_id`, `flags`, `cache_time`, `data`) VALUES('1', 'home', '1', '0', '0', '{\"useRoles\":1,\"noParents\":1,\"urlSegments\":1,\"slashUrls\":1,\"compile\":3,\"modified\":1513015623,\"ns\":\"\\\\\",\"roles\":[37]}');
INSERT INTO `templates` (`id`, `name`, `fieldgroups_id`, `flags`, `cache_time`, `data`) VALUES('44', 'api', '98', '0', '0', '{\"noParents\":-1,\"slashUrls\":1,\"compile\":3,\"modified\":1489279397}');
INSERT INTO `templates` (`id`, `name`, `fieldgroups_id`, `flags`, `cache_time`, `data`) VALUES('43', 'default', '97', '0', '0', '{\"slashUrls\":1,\"altFilename\":\"home\",\"compile\":3,\"modified\":1513015623,\"ns\":\"\\\\\"}');
INSERT INTO `templates` (`id`, `name`, `fieldgroups_id`, `flags`, `cache_time`, `data`) VALUES('45', 'pages', '99', '0', '0', '{\"urlSegments\":1,\"slashUrls\":1,\"compile\":3,\"modified\":1512988827,\"ns\":\"\\\\\"}');
INSERT INTO `templates` (`id`, `name`, `fieldgroups_id`, `flags`, `cache_time`, `data`) VALUES('46', 'nav', '100', '0', '0', '{\"urlSegments\":1,\"slashUrls\":1,\"compile\":3,\"modified\":1489804202,\"ns\":\"\\\\\"}');
INSERT INTO `templates` (`id`, `name`, `fieldgroups_id`, `flags`, `cache_time`, `data`) VALUES('47', 'repeater_faq_list', '101', '8', '0', '{\"noChildren\":1,\"noParents\":1,\"slashUrls\":1,\"pageClass\":\"RepeaterPage\",\"noGlobal\":1,\"compile\":3,\"modified\":1509112568}');
INSERT INTO `templates` (`id`, `name`, `fieldgroups_id`, `flags`, `cache_time`, `data`) VALUES('50', 'split', '104', '0', '0', '{\"slashUrls\":1,\"altFilename\":\"home\",\"compile\":3,\"modified\":1513015623,\"ns\":\"\\\\\"}');
INSERT INTO `templates` (`id`, `name`, `fieldgroups_id`, `flags`, `cache_time`, `data`) VALUES('51', 'portfolio', '105', '0', '0', '{\"slashUrls\":1,\"altFilename\":\"home\",\"compile\":3,\"modified\":1513015623,\"ns\":\"\\\\\"}');
INSERT INTO `templates` (`id`, `name`, `fieldgroups_id`, `flags`, `cache_time`, `data`) VALUES('52', 'language', '106', '8', '0', '{\"parentTemplates\":[2],\"slashUrls\":1,\"pageClass\":\"Language\",\"pageLabelField\":\"name\",\"noGlobal\":1,\"noMove\":1,\"noTrash\":1,\"noChangeTemplate\":1,\"noUnpublish\":1,\"compile\":3,\"nameContentTab\":1,\"modified\":1513018761}');

# --- /WireDatabaseBackup {"numTables":30,"numCreateTables":30,"numInserts":498,"numSeconds":0}